"airtableID","Primary field","Name","[location]","[works]","Count (works)"
"recrludAIg5YRTHRq","Hornbill House,  (Nigeria |  |  | Lagos |  | )","Hornbill House","['rechXxEReQlGKd2ar']","['recc8okWOaemEIuZm', 'recYAKSlUNgERWBdl', 'recV0dZ0Na23jhSwV', 'recdTtmBXbWzOWYkR', 'rec2has9a29mTqxVS', 'recS3MR63XdZAQAUT', 'recPQLGuhXh30mSUc', 'rec7rnQBxyTH33s5C']","8"
"recXxVdJnHU3pvIEC","Jonathan Cape,  (England |  |  | London |  | )","Jonathan Cape","['recR6YHhrfthZo5tS']","['recy6dTTNE0xkunv3', 'recqJOMkCkdpBPlTz', 'recd4wUc70c4a1xeV', 'recULS6SHYapt904M', 'recBuEcamWOeXMC7w', 'recG0ZnvcfDECsNa0', 'recHscP2ZSEN18C33', 'recQ7d4oj5ozQbag1', 'recivkLgfUhOBvDQh', 'recMz3EGPCsNzVtpk', 'recF2BkI6KuQDRl0x', 'recKBuv2UZWepbbLA', 'recKnGNkWt6FB438u', 'recfNPfIyOqwjh1qe', 'reck8eQI91uzz69Pd']","15"
"recadniZrGSrxejUc","Human & Rousseau,  (South Africa |  |  | Cape Town |  | )","Human & Rousseau","['recByKWBNYTnFNrCp']","['recRUyt5aiw3TCIIa', 'recWYefGsOhPwfLXO', 'recE0Mx57dbx7CS8H', 'recrzEaZ9rj8FsvLz', 'reca8sNaSA780AkL7', 'rec9iVExHBMxhH8jz', 'recHjVbP41ukLuK4y', 'reclbTQuPI5rSTz9Z', 'recUUzDqaoajfiqyG', 'recaFRQWCRfLVl61S', 'recBb4IwvOKUwEr3h', 'recgn50CdpF5EGdOq', 'recGsWgRdGpHQmehd', 'recEsjd4WP7yKaNBo', 'recbzNgXxSmBxYCAo', 'recIZ7O2yUHJQwOKs', 'recMNvMvetpyewVQP', 'recmoxWBgBqbijOlP', 'recPQS35jq778YKOk', 'recWPWn6c0hoDHe2c', 'recSi6XpifsQjTcAX', 'recfZT0T416sgM5Cx', 'recPAfAgrZMUz3CkL', 'recgZp4mIJnsjs3X5', 'rec8BQ93IScmdhmkD', 'recDvoAza79CsToCS', 'rech6eeYXJcUxzloe', 'rec6OKHau8jimDLwU', 'recjYo9rMi0zwhQii', 'rec5YRRnNOUlUZM3c', 'rec7632UstCAE3p9N', 'recsfTkKIyOU8tuUp', 'recCwDbaCcpDc3zgN', 'recs6btk92askJyY9', 'recmeiVLaAVvdfrK9', 'recVL5v0k246Nj6pB']","36"
"recpnKAl8DyDg6Njk","Longmans,  (England |  |  | London |  | )","Longmans","['recR6YHhrfthZo5tS']","['recRBkiNDpeA2S2Ay', 'recFGo9PFKTMICXTa', 'rec2RvvncgzHU6g2X', 'recA8FMRrVAt60kds', 'rectrEq2htND5y88s', 'reckvCgX1EuTZs4jO', 'recheZOgBdoQjP7TR', 'rec1CTZWskcLVg8Cw', 'recXqalG1YDh86Aru', 'recYtuY055ySmu8mc', 'reciE9R0Qc02mF0x7', 'recRn0pnhUa1VTlmf', 'recPK1h5wYxuA3aSZ', 'rec0TQBbg2fteEe0T', 'recKNVAto5oLy7VCw', 'recltaUDiU5JJZaoE', 'recruEJAnBLLEdPeX']","17"
"recypkGtlqisvggQ4","Independently-Published,  ()","Independently-Published","","['recGGk6tBnVJj9XU6', 'recqinpKisVQYd5ch', 'rec5tnFqK48GbOVKq', 'recGmie4eBsCeOWmH']","4"
"rectpqHcFZwjuBqp7","Unknown,  ()","Unknown","","","0"
"rec1h2M3X4N0UduIL","Carrefour Press,  (France |  |  | Paris |  | )","Carrefour Press","['recaO8FXmzgUWmwxw']","['rec9WA0lMue3z5vmM']","1"
"recrNXFsiegJBSEbz","Malthouse Press,  (Nigeria |  |  | Lagos |  | )","Malthouse Press","['rechXxEReQlGKd2ar']","['recxMGqeTCLe2UcFE', 'recl3r6olc0S6R0oa']","2"
"recJ8sAV5dNOppLTN","Longmans, Green & Co. Ltd,  (England |  |  | London |  | )","Longmans, Green & Co. Ltd","['recR6YHhrfthZo5tS']","['recuiT4EEvaQwy87Y', 'rechyKuxkZK6vD7Sm', 'recz5l3sLsvNQukkq', 'recmfEJVvHoRHD4Za', 'recaDv61N8AVf4INd', 'recpy5XauaQK2sXma']","6"
"recg44jiTURQsepfX","David Philip,  (South Africa |  |  | Cape Town |  | )","David Philip","['recByKWBNYTnFNrCp']","['recAegIzrFaPaDBQx', 'recpdR1gBzex8vJpe', 'recdWGeVcuOOGn2om', 'recmsUMYtbM7LRSNJ', 'rechHcyPNcDJ3gviF', 'rect1fNHCy8NSfT9A', 'recayS7eE4YKB9idw', 'recaGeBkPRnuu2kqC', 'recJeOcD9AFhlIK3e', 'recJVuAF00KpIApnr', 'recbWGqRUCxfhAsGR', 'recXwY49DST0KEfQ9', 'recRgxBUWkOP3tZvi', 'recUdgi3fBVsPEqS8']","14"
"recF07KfYjjsKbnSz","Ad Donker,  (South Africa |  |  | Johannesburg |  | )","Ad Donker","['recFjYFloIc1MhnAb']","['rec5Pxkpu2VcshKZD', 'recnCwPihdgoLxm66', 'recYp8P2WXWPSObi7', 'rec3CezFVYTvxHDEt', 'recOp1u10JbwsFpYz', 'recJUy3U8MlgSfdc1', 'recOH2jPb1HZxwIQn', 'recOOJuHnaGOu3tIm', 'recRgAJyELmJ58KRi', 'recp6lxKtAxvKUYLn', 'recvBaYp2487hRpgz', 'reclsq5VcOniaVnYk']","12"
"recpLUfamQkTp1CRI","Hill & Wang,  (United States | New York |  | New York |  | )","Hill & Wang","['recRPTnrNPU6ArRJv']","['recE0XARAw5bGWJTe', 'recXtnx1sOCxrvfSb', 'recrU9QXaFz8qEgWf', 'recgAlaQToqkWABxM']","4"
"recsC8jfqLanZt7gI","Fire Lizard,  ()","Fire Lizard","","['rec8X2N6KGy1xNFmi']","1"
"recdzMJFbjeq1ptEt","The Walter Scott Publishing Co., Ltd.,  (United States | New York |  | New York |  | )","The Walter Scott Publishing Co., Ltd.","['recRPTnrNPU6ArRJv']","['recQuqIbK80we0CpA', 'rec1PbeTGgnrboReP', 'recAvrELECgdDvqN4', 'recBcKNBmHZbMQDZI']","4"
"recWkE2BpGNkVqjxp","Mid Nag,  ()","Mid Nag","","['recOneosLHezg5sEi']","1"
"recUKG6AwVerXA0Aj","Wm Collins & Sons & Co,  (Scotland |  |  | Glasgow |  | )","Wm Collins & Sons & Co","['recRvpdBSno7RDhjZ']","['recWnBlxO4EIfsji2']","1"
"recJbYzmlyMBcZJfC","Harvester Press,  (England |  |  | Sussex |  | )","Harvester Press","['recC5BjQVYz1jdP5O']","['recUeE6u3R0UJwjqC']","1"
"recGJI95pZagLMsJR","Okike Magazine,  (United States | Massachusetts |  | Amherst |  | )","Okike Magazine","['recXPntGwY2s4aLzb']","['rec2zSByaU50BnenB', 'rec8Ty7HmCC77i08v']","2"
"recKkNwvXwxWNXvFT","Heinemann,  (United States | New Hampshire |  | Portsmouth |  | )","Heinemann","['reckYc4fBX8zNzPHT']","['reccIKH41ee2m5fZ9', 'recIkMxwmYELe3Cvv', 'recFJR0SnU3BzPJJP', 'recrJypLcByQRVI41', 'recPMwAPCWxA6uf5e', 'recrFMkL8zh6Vn5zq', 'recYxAUv9ycGPblAJ', 'rec5IprsXc3A0RVtt', 'rec8pkYh44I9EZjVI', 'recimd5BulAB4xvoV', 'recID4HyefZsrKakR', 'recOh9CZj0AqppL9q', 'recC10WKwW5zEdB4i', 'recSr6wO6WY9ExCG1', 'recrrarXh2nyjJ23P', 'recScihn5ZX9hh1Fz', 'recYCvClCsXzG3iu1', 'recgKLGhUPfnLvSyI', 'recNhbp11S4ma3h4L', 'rec3utTVFI15zJqXC', 'rec4R965kRDt6mDHO', 'recNInCLPTwVUICq5', 'rech66EnGd2iEqIJv', 'recF6Pzv9tfiNz2wZ', 'recjNHcPMlpnFGlAE', 'rech1hGLvZeBbHK5L', 'recm2KccVz4ddmtnC', 'recW0hzMrXY911OXy', 'recW5ENTlNvNrBdev', 'recv7l7muu31WPbX9', 'rechaz5mYy8pFidx9', 'recEULgwlJi7tgAFw', 'recug7g5VPVa1eVqU', 'recvRebBRDcvfDZWa', 'recFvKH7wywOu1hPc', 'recdIcvQnk4AdH0vc', 'recOvGmoWYtrZPQaF']","37"
"recXWW163usBudK3w","Editions Hautefeuille (Caracteres),  (France |  |  | Paris |  | )","Editions Hautefeuille (Caracteres)","['recaO8FXmzgUWmwxw']","['recQMvE8xJQQFzyZO', 'recw0WAkkHLO67uOd']","2"
"recxs7nr1XEK0p7Jk","Heinemann Educational,  (England |  |  | London |  | )","Heinemann Educational","['recR6YHhrfthZo5tS']","['recfjn58aFu9EW8O2', 'recQChcNN1exgEA1o', 'recgPT6pJHvobt6Td', 'recCHzSd4Jxt7Jz09', 'recqF9ojn3PgfKrYm', 'reccvVQUrbUGgoonH', 'rectHk0G8zZkhauwk', 'recbGQRHdle9qNX6f', 'recZygzzGgKYGTCZI', 'reckoV9wGPpLuq7ou', 'rec1AsRj1iqnClj0N', 'recIzbK4QEpsb8yKh', 'recAplF6FCKXqgpSU', 'recMPM434imoDSdfX', 'recHymsd2VpmbM1Sf', 'recDVest8Q2X80DUd', 'recjpmxouGTLmdgov', 'recAYvZGpyTLd1nSG', 'recyj4ylT1TgwDJbs', 'rec4syflngxm8SZYl', 'recVxkcmv0POwPUfq', 'rec0Dmy0Rw03enrow', 'recu0XlBQ5B0mPd0p', 'reccJ3M4qlSfshb1c', 'recCZ1L70EFVIT9a1', 'recYLuZnExrZ5SMtq', 'recM8BkUrDWQbn9uS', 'recmYGcoQBpKjNR8M', 'recJku5DxTCBMUUfV', 'recRwHQAxik8B46Bo', 'recLLMZpsjwwepAtN', 'recKsUyOD9JjrxpGZ', 'recQwy3htecBoMQlk', 'recR6w3rYnG6t51Dz', 'recxARmth9pH7ikuN', 'recQxsP6P9tBEvQ8j', 'recVdy96hUDqSuXKh', 'rectG0WMTI7X5n89L', 'recciUdZ01IghEisn', 'recjvEIvB5v0Ujju3']","40"
"reciRpC86N1AiiFL2","Hodder and Stoughton,  (England |  |  | London |  | )","Hodder and Stoughton","['recR6YHhrfthZo5tS']","['recADl8oU0iOVzmRJ', 'recrZRUTU5mplp2A5', 'reco7R3Hq8jdtOw4N', 'recej2e1otj857eos', 'recWWwPiRlYOTnpIs', 'recF5xNg4zmfDb32A']","6"
"recEzJUESbrePx4Kd","Faber & Faber Ltd.,  (England |  |  | London |  | )","Faber & Faber Ltd.","['recR6YHhrfthZo5tS']","['rec96xKDlWA5OwWu6', 'recBzCKvja80QqTya', 'recrEFNULQfZ8oDbH', 'rec83xxA55U6zITrm', 'recYLgNgKsARUXpB1', 'recvfkVp1DDP6fFYt', 'rec5xIykkY9yAEjJU', 'recDgox0RuY0cXcms', 'recPiUKT3bfrDKQqz', 'recHRTX5UUrb19MjQ', 'recz8znwq0wuxCtOz', 'recZDYg4xjhR7UeVM', 'rec0yUSWyZWsODX1O', 'recDMS3N5dOOERrkM', 'recHheEy0WYTew1Nj', 'recMOwJ51TVtHZw45', 'recrPWWgY5V0H9QnY']","17"
"recG3gMDr1e6fvPJn","Elliot Stock,  (England |  |  | London |  | )","Elliot Stock","['recR6YHhrfthZo5tS']","['recFSgfrILFfX5aGA']","1"
"recdiyuHnz0tGPTmX","Greenfield Review Press,  (United States | New York |  | New York |  | )","Greenfield Review Press","['recRPTnrNPU6ArRJv']","['recxhsCXWfkjaCYsK', 'recSsiAda0jKQrx4e', 'recWmCRbPJS9zNtZX', 'reccHIrifYkBiKt9t']","4"
"recfnuDDCIJo1Zpog","Edward Moxon,  (England |  |  | London |  | )","Edward Moxon","['recR6YHhrfthZo5tS']","['recRsbpBHCD4jkiCT']","1"
"recqjzd8XHCYYoJZN","Cambridge University Press,  (England |  |  | London |  | )","Cambridge University Press","['recR6YHhrfthZo5tS']","['reccxaTdLdyFuSkBG', 'recoXZQYg9PTSQuk9', 'recgNLM51vbb8rXmm', 'reci3ztKd1PygY6or', 'recVFxkIRGlB89h8r', 'recH8du19UMDQZGJl']","6"
"recEWuPyr72hp502q","KZN Books,  (South Africa |  |  | KwaZulu-Natal |  | )","KZN Books","['reckyxi4BnnhhZ5nF']","['recQNLhpRk1b78QHL']","1"
"recLk7PaDmJeBeM3d","Editions Madagasikara,  (Madagascar |  |  | Tananarive |  | )","Editions Madagasikara","['recEQ5xxm0QUQCzsd']","['rec0Qhw1fjTmuQR4H']","1"
"recw6N3ltjrOCXqWq","Tafelberg,  (South Africa |  |  | Cape Town |  | )","Tafelberg","['recByKWBNYTnFNrCp']","['rec8fQyLl6HYtyGbZ', 'recLgciHgKeDkmlwE', 'recph6BvOnrtCrYbR', 'reccNRG3qYYMWZBeC', 'rec6qTWKCII2i93xV', 'recSMFjNGXGjLzh2J', 'rechpn9m3FU8uy1SK', 'rec9rMGAm5LMjw8n7', 'recmrKmvJxRrDJe8Z', 'recD1A3h6jeCXke38', 'recWajhmWNJd9K2Tf', 'recZOuzZEFBRFPlGm', 'recs88xUbuxzNlqqL', 'recHApZTYWWgoGSdD', 'recM6lzpfiVA29PMU']","15"
"reczBa1Vg3ko79ujM","Ibadan University Press,  (Nigeria |  |  | Ibadan |  | )","Ibadan University Press","['recesdnoCDNCstSIs']","['recttqN66ZTvFzreq', 'recNbnqftEeRCU7qb']","2"
"recWAkgjRUMcN4caq","E. Arnold,  ()","E. Arnold","","['recsxYuIDovICOBT4', 'recjAqSF2vjgCLzNx']","2"
"recv6M0cEpbUkOb0O","MacMillan & Company,  (United States | New York |  | New York |  | )","MacMillan & Company","['recRPTnrNPU6ArRJv']","['recNSYFn34xDH9wR2', 'recLjrq5t1kuUHMwH', 'recOR3NHH5lvUw2pF', 'recFPE5UzRIGvNuha']","4"
"recsbiIxirxlvB2Ap","COSAW Pub,  (South Africa |  |  |  |  | )","COSAW Pub","['recKow3Gb4ICpWOsk']","['recQn0tmIbdXSqLeS']","1"
"reck5xcR3GoDfQy6k","A. A. Balkema,  (South Africa |  |  | Cape Town |  | )","A. A. Balkema","['recByKWBNYTnFNrCp']","['recrGSbrPSd9pkDta', 'rectJazDOOYIqNfWu', 'reck4GQRU8CrMLlrw', 'receyGbeoRNgsUr1G']","4"
"recuOJQXEF2EREGNJ","University of South Africa,  (South Africa |  |  | Pretoria |  | )","University of South Africa","['rec12WNOPdXXeSa9Y']","['recdTldlf7wW3u58Q']","1"
"recJlRVhcyEr0JW8a","NB (Nasionale Boekhandel) Publishers,  (South Africa |  |  | Cape Town |  | )","NB (Nasionale Boekhandel) Publishers","['recByKWBNYTnFNrCp']","['recJ0SN8gr9KS5AKk', 'rec6m6KLkVJSd9gd8', 'recsz1wwN0XeKbuVV', 'rec8aNIMGqhrJLjZr', 'recAy58C7qg1vNg8s', 'recDc5CQ0RQIgPlxf', 'recSlve17j7iQGXw7', 'recrnXQhHEjVzE1y3', 'recMkfok3YfH1Z2EJ']","9"
"reckBi9snfx9vvo8R","Oxford University Press,  (England |  | Oxfordshire | Oxford |  | )","Oxford University Press","['recZw13lsI65j01ma']","['recHiLeBpuTNi4YsR', 'recl5JjM5cLjSAPQ0', 'rec9HaIMVI6pkng8V', 'recz2D6L9OdjMQ4nt', 'recCw32Yg12iLr3fc', 'recuNwBllwMz1OOIf', 'recmbPVzLWSYWaEos', 'reckgRkbN1P5BEWsq', 'recDRAg9dQi7AR6WX', 'recMsJ0M9siicUhcA', 'recSL3qXQWgfcOwhK', 'recOIfjHU24L01FO2', 'rec089xE6umiDXD1c', 'recpNIFj9mLc78MEh', 'rec7FGj6QhliH6dzm', 'recRdUq8Br8TXiVYb', 'rec0Waiz4yLcPU4GB', 'recwGrBzG7kun0jMe', 'recbSyFIjauAL9gvI']","19"
"recaZyYk7lgbLBnhs","Lund Humphries Publishers,  (England |  |  | London |  | )","Lund Humphries Publishers","['recR6YHhrfthZo5tS']","['rec2SDuefM7Jf11Qf']","1"
"recnbn7VeDWh0PMTU","Evans Bros.,  (England |  |  | London |  | )","Evans Bros.","['recR6YHhrfthZo5tS']","['recytMrWgWbQzF1ay', 'rec7TLoaT4qt5rJId', 'reckDzPohB693l1tf', 'recgfhkO9SiLmWD8G']","4"
"reci05RYQudsRYE8O","Presses Universitaires de France,  (France |  |  | Paris |  | )","Presses Universitaires de France","['recaO8FXmzgUWmwxw']","['recmnD1JWqqrE8M7N']","1"
"recg6W1lHLDtNPmtl","Présence Africaine,  (France |  |  | Paris |  | )","Présence Africaine","['recaO8FXmzgUWmwxw']","['recpx7RPwaAHvUotZ', 'recUwHsIIYIuqh6qr', 'recIraGAUbXrIK6Wj', 'recEtpy1OpzkLJ0z0', 'rec8rmcuWjaYILqHk', 'recsmJ6SW7Gidu52Z', 'recojmPy84RKKDbLm', 'rectZjBnSAXmqyWoc', 'recbl5GX6AXNnMBak', 'recCgNAEBmgygzGgp', 'rec5ed9DQzMmwPaLS', 'recQ6ZPW9Qj01eJ4g', 'recrQU9MNTgPTaq6B', 'recfXowJ2E6QP9jSQ', 'recF9DUuYE5uLjYKV', 'recnNTQLOvK6TalpN', 'recfiRSJyw5XBjjvx', 'recIU5DrTZkiZQyjP', 'recOeVQtiZyMv4NmU', 'recTbjjfI1bmJFs4y', 'rec7zgNlwh0tdOWZz', 'rec77Et8Ybp8UA4kp', 'recqQu8U6AwOZxkQe']","23"
"rec988kMaP0cWZMoV","Morford & Field,  ()","Morford & Field","","['rec6YT5SifaCji79y']","1"
"recwDkHLWRdHqzm25","Anchor Books,  (United States | New York |  | New York |  | )","Anchor Books","['recRPTnrNPU6ArRJv']","['reccR8KL7uQ4YrHkc', 'recEa3v0WJiTtvHyM', 'recC8G1Pyx5fsjzOu']","3"
"recV184TjfXo3MjvY","East African Literature Bureau,  (Kenya |  |  | Nairobi |  | )","East African Literature Bureau","['recu3MoBp4ft8I96h']","['recvULTklQf0T9cdu']","1"
"receVIIrRZwJG3UPh","Barrie & Jenkins,  (England |  |  | London |  | )","Barrie & Jenkins","['recR6YHhrfthZo5tS']","['recpe5o1u1Yaigfgk', 'recSYl5b6s8hLdvdq']","2"
"rec1gtjZIFvDinrPh","French & European Pubns,  ()","French & European Pubns","","['reczE0sD7X8GvWSfS', 'reces0dBNoojHswxn']","2"
"recYN91fhMQgFG4hs","Afrikaanse Pers-Boekhandel,  (South Africa |  |  | Johannesburg |  | )","Afrikaanse Pers-Boekhandel","['recFjYFloIc1MhnAb']","['recyYr5JtnPyRjomt', 'recK8TcrAjcUz5s5u', 'rec7cUzh3ZyEb2Bwn', 'reclvoKsEU510Z7Yu', 'recCesdemYG1E8clD', 'recNYPYIZnIK8IZuy', 'recEgYg93sI8dij50', 'recYvxh48ucbeKywm', 'recdqpDG4YLYAHqHy', 'receUiheAwxS1n5zV']","10"
"recf0IQOjUVt9CxwS","Longmans of Nigeria,  (Nigeria |  |  | Lagos |  | )","Longmans of Nigeria","['rechXxEReQlGKd2ar']","['rec6nDaxtxBMmA86D']","1"
"recd0ApIRB0QV3nfs","New Coin,  ()","New Coin","","['recv9xq4ahRjxAyxm']","1"
"recfg8XeRA88wYMUA","Routledge Kegan & Paul,  (England |  |  | London |  | )","Routledge Kegan & Paul","['recR6YHhrfthZo5tS']","['recAJjGEZOUtTxxKA', 'recthlWRfI9OEUYkx', 'rec8VhJKmlULkaT2X', 'rec0J3Rp8WrEzTxmE', 'recxXmnrYBlNHoLNo', 'recpFOkBOjEnb9qRu']","6"
"recXTnqUtYDNCBqk0","Umuzi,  (South Africa |  |  | Cape Town |  | )","Umuzi","['recByKWBNYTnFNrCp']","['recDXeQ6dJJbtRdA5', 'recVIQAFy5dT6AYmy']","2"
"recsbhF8jfAiLQIpI","Mbari Publications,  (Nigeria |  |  | Ibadan |  | )","Mbari Publications","['recesdnoCDNCstSIs']","['recVh4YP9T2xZvxyK', 'recze9y4kZiR7Vjbr', 'recozVmiDdj9XhIlA', 'recFHuJePLZOAbL3b', 'recr7NWOo5tyNJsot', 'recFBEUkEHn3J6aM1', 'rec2ZGz2w7pOGpudF', 'recU5CfCtkhlFljXz']","8"
"recB3ZseRwZA1Q8Sf","Isbister and Co. Ltd.,  ()","Isbister and Co. Ltd.","","['recloLpNyoh8g5ytS']","1"
"reckanGgoZFeNEAni","Penguin Publishing Group,  (England |  |  | London |  | )","Penguin Publishing Group","['recR6YHhrfthZo5tS']","['reckHoEuJcOrHz0Hw', 'recSZyDIlAdA6Rblu', 'recRwKxLYUgQ4hvXr', 'recwyo6JmoIW1vcHC', 'recU7ewY1mnktEeHW', 'recLV0us3NgFPaKYA', 'recdRMO3PmftHvFYu', 'recLMnG43Jzw2JuFV', 'recwF3fi8Zlc3W1TM', 'recR2P2QlXAFBYkYT', 'recjfpOJgCFrGGr4H', 'recAx8ASB2DFnXODF', 'rec98DavqLD9Xlc6O', 'recsK6qsDdvUm4wZv', 'recK4VUCvImqkQ0aI', 'rec1uI2m4fgkZgIZ3', 'recxKgMSV77viu7tT', 'rec4CKJJRC3IRA7Av', 'recevWffHtytaVqXF']","19"
"rec9rJE4Sio33chZO","William Blackwood and Sons,  (Scotland |  |  | Edinburgh |  | )","William Blackwood and Sons","['recfIcl7v6SgmqwkD']","['recBjH1jL67u14XPk', 'recx0owytHyYUQCCM', 'reccp1DAMagaGt5sr', 'rec7ka8Up1uUPdPby', 'rec8fXn5NLGiUnx6x', 'recJslsDKWnYazOEg', 'recUSUG9qnnlEWbQ3']","7"
"recnxFFLnQDgjJ9sJ","London Magazine Editions,  (England |  |  | London |  | )","London Magazine Editions","['recR6YHhrfthZo5tS']","['rec5SGx7REDMinkrZ', 'recDw5vgRLBbqicfD']","2"
"recrtrv6ZfFIH5cUt","Ceda,  ()","Ceda","","['recK9q03vCQlnYeVP', 'recBbSkLIm01bdpW3']","2"
"reccgFsYvJjLhkRPL","Africa World Press,  ()","Africa World Press","","['recMvhGj0WKbbXI4p', 'recBVw1W8GY6XkmmT', 'recQXa5rsH3Bq2G5k', 'recKiYG3HyIarXFt9', 'rec2AyMM74e8YKTaT', 'rectzztv7P0j2Gbat']","6"
"recRsVszFKP5MKxng","Holmes & Meier Pub,  (United States | New York |  | New York |  | )","Holmes & Meier Pub","['recRPTnrNPU6ArRJv']","['recsw1ILQFzmL2j2d', 'recEouZYM773oAedP']","2"
"recusHIMurW6VPON7","Aux Editions du Seuil,  ()","Aux Editions du Seuil","","['recy2yS65SFvuo0oC', 'reckUO6J34I5jDbDz', 'recwxNvWdR1adBBkZ', 'recoRR82P2XBy3NDc', 'recm2fRs4XYd50FOl', 'rec8rXiPz1JFNU1BA']","6"
"rec6XgAyapzRXj8HU","Henri Vidalie,  ()","Henri Vidalie","","","0"
"recdLHmxGYcEuiwdk","Killie Campbell Africana Library,  (South Africa |  |  | KwaZulu-Natal |  | )","Killie Campbell Africana Library","['reckyxi4BnnhhZ5nF']","['recKVJ0JLBscrUrhA']","1"
"recSL9OOvDH6PQ7vV","Secker & Warburg,  (England |  |  | London |  | )","Secker & Warburg","['recR6YHhrfthZo5tS']","['recCzjdtSbgz8RbIv', 'recpag16VIFDu2w5x', 'recYJHhpK5uouS13C', 'reclJWZxgUIYGwHZZ', 'rectuFMfsvD4e3nlt', 'recmEUmTLtGr6fY86', 'recqf5AgoWxY5fzil', 'rec6MKCxRtXvInDzi', 'recfy3j1ij2eYXDk3', 'recGLUXQriFhn9ruo', 'recwrRH2lpO7jidc6', 'rec6RiQFMwBluzmH5']","12"
"recRFGkH2X1mAGFtq","HappenStance,  (Scotland |  |  |  |  | )","HappenStance","['recT7tEs3G0xeVVHo']","['recSh2mYit9Lkb4kT']","1"
"rec6OIC8rAMMq9RfI","Evertype,  ()","Evertype","","['reck3H70qyrXgVkWO']","1"
"recxlgTKKosoBHEe2","Northwestern University Press,  (United States | Illinois |  | Evanston |  | )","Northwestern University Press","['rec4AZeZTZivVxhdd']","['recKR9t962BdRtksV']","1"
"rec32VB95Ccos35Qc","Yale University Press,  (United States | Connecticut |  | New Haven |  | )","Yale University Press","['recWeERfZymyM2L94']","['recmPC4wVKVhMEmux']","1"
"recnpSNBj341YTM8B","University of Nebraska Press,  (United States | Nebraska |  | Lincoln |  | )","University of Nebraska Press","['recmbNYmPdON48MAQ']","['recJFgKyBdTv0XZbb']","1"
"rec1nkWhXxnhMDgEv","Carcanet Press,  (England |  |  | Manchester |  | )","Carcanet Press","['recFsn8RVfhGPlVDL']","['rec1AxbdEix7J5tQO', 'recDtQUTCntmgMMy7', 'recNN5j3CN2UQyg6Q', 'recft7LyZpYeEahz2', 'rec3cXlglZxr6l7vb', 'rec6u9Xo3LFNWPbq8', 'recghS3GYeMUS6MoG', 'recaxbq30e29jAqiu', 'reclh2MvDB4LSwnYh', 'recYXuPui0LpQ38DL']","10"
"recUAwpvb1t113Ce6","Ecco,  (United States | New York |  | New York |  | )","Ecco","['recRPTnrNPU6ArRJv']","['recT5Bdn4kgGjmPsX']","1"
"recm2bt0VQoMSg44J","Forgotten Books,  (England |  |  | London |  | )","Forgotten Books","['recR6YHhrfthZo5tS']","['recOtRBmtuF5ESc0G', 'recff4uMdNE1Kr1Av']","2"
"recsMxkOubAC56Il5","Fifeld,  (England |  |  | London |  | )","Fifeld","['recR6YHhrfthZo5tS']","['reccBx1uRj1IedfA8', 'recTrzzmRgmsK24cS']","2"
"recgJpAf6uDWFQwKd","Pall Mall Press,  (England |  |  | London |  | )","Pall Mall Press","['recR6YHhrfthZo5tS']","['recFkQMELanS2ps6M']","1"
"recnVSPhm29F7aWnu","Europe Poesie,  (France |  |  | Paris |  | )","Europe Poesie","['recaO8FXmzgUWmwxw']","['recIaWJEzNb0Lwjf8']","1"
"recJeFmfBwYx3a2wU","Impr. Liva,  ()","Impr. Liva","","['recvLfCzirZXIF208']","1"
"recMxOHswLihvrUdP","African Development,  ()","African Development","","['rec2nB3ee7nkKH3wZ']","1"
"recaOL5DmwflOJz1q","Constantia,  (South Africa |  |  | Johannesburg |  | )","Constantia","['recFjYFloIc1MhnAb']","['rec77CxWswRZ7tge1', 'recRivVCwAUGTs7xs', 'recrC74EWEB4QU2cH', 'recyAGgF5wIM8DfXI', 'rec0G8WwqyahLhDHj']","5"
"reccegMyaZmmzn4hx","A. A. Balkema,  (South Africa |  |  | Cape Town |  | )","A. A. Balkema","['recByKWBNYTnFNrCp']","['recLjjy1QDAq60mkw', 'recmoatq5QILiKsOK', 'rec4t3mvY13t4C7Cl']","3"
"recxq15WOgg1YwL7j","Nasionale Pers Beperk,  (South Africa |  |  | Cape Town |  | )","Nasionale Pers Beperk","['recByKWBNYTnFNrCp']","['recMUd5TBjYxLxDLO', 'recGe6wMhk6jd8Bnc', 'recZuXXj4M4PA3i7s', 'rec0uZN1ptngIRlE9', 'recdF3wKICD6IxkNT', 'recrejwW0Q4X7n6Xv', 'recrluX2UFls6L4Y0']","7"
"recwouBgbHqWyh17o","Dagbreekpers Beperk,  (South Africa |  |  | Johannesburg |  | )","Dagbreekpers Beperk","['recFjYFloIc1MhnAb']","['recJy0JxH5yANLC1o']","1"
"recjegVjCwIibZ2my","J. L. van Schaik Beperk,  ()","J. L. van Schaik Beperk","","['receD6oRLtpe2R32D', 'rec4kAFsXrjgN6H9f', 'reclNdsTse8SDDicD', 'recydNZfbSIGUI9Pq', 'recvcxJb4pbeIaNra', 'recJEdaW9T0HgPSIT']","6"
"recBYYQNYZ3nOfkbj","JiaHu Books,  ()","JiaHu Books","","['recs6QQdZK2n7AZuG']","1"
"rectJ4vNAp0Eoxllk","I. K. Imprints,  (Nigeria |  |  | Enugu |  | )","I. K. Imprints","['recKif19KMEYsJGG0']","['rec4QmYLPvCLdAVIX']","1"
"recePapKPouQwFSJw","Hutchinson & Co. Ltd,  (England |  |  | London |  | )","Hutchinson & Co. Ltd","['recR6YHhrfthZo5tS']","['recSHRIpVeG89JoBJ', 'recvQE1bKFHOyxgMs', 'recXtnEDebHcUH4wI']","3"
"recQtPYt3QHkGMKEj","Random House,  (United States | New York |  | New York |  | )","Random House","['recRPTnrNPU6ArRJv']","['recAgPBydq1dPa9Pd', 'recop8XDMc2PeYiw2', 'reclxz8vQ6KDo4cwD', 'recSfDZNDh7O7zO1r', 'recQejQTch6WKoYPX']","5"
"rect46PrIYgnKcOP4","(T. M.) Maskew Miller,  (South Africa |  |  | Cape Town |  | )","(T. M.) Maskew Miller","['recByKWBNYTnFNrCp']","['rec9pgkWssnLEab2i', 'rec3SPUpTO7joz6o8', 'recN8zFNmZXPl6rdf']","3"
"recNd9qPVf6pEuciL","The Menard Press,  (England |  |  | London |  | )","The Menard Press","['recR6YHhrfthZo5tS']","['recFc2bepiqrZuJHX']","1"
"recGveNocQTvVT3EK","Conzett & Huber,  (Switzerland |  |  | Zurich |  | )","Conzett & Huber","['recVRMU1jTcyeeheE']","['recRFBZMAJbvniNo8']","1"
"recTtUEqmxtmkA8Hw","Classic Books,  ()","Classic Books","","['recfZwwfl5Z4EQIhE']","1"
"reczCvq5MZvA9Zlax","David A. Godine,  (United States | Massachusetts |  | Boston |  | )","David A. Godine","['reck7rbt8DZuwaZSO']","['recZy7KBdvw7tWHcC']","1"
"recqGoFNuVrUCZAju","Hachette Books,  (United States | New York |  | New York |  | )","Hachette Books","['recRPTnrNPU6ArRJv']","['reco6QLPsfzAWHA1W', 'recE7Fn4gFPdTWpxN']","2"
"rec99dkO1W0FbINfZ","Éditions Regard,  (France |  |  | Paris |  | )","Éditions Regard","['recaO8FXmzgUWmwxw']","['recd50a1EiArf6Fx1']","1"
"rec1A03SZHyn2YohP","University of KwaZulu-Natal Press,  (South Africa |  |  | KwaZulu-Natal |  | )","University of KwaZulu-Natal Press","['reckyxi4BnnhhZ5nF']","['recvMyr2G7npV3Q2f', 'reclxrPqBU0QFufip', 'recCiyY4sPERhCKrG', 'recVBUxgIVwV2D2gV']","4"
"recRh6QKhccuYgR59","Nok Pub Intl,  (Nigeria |  |  | Lagos |  | )","Nok Pub Intl","['rechXxEReQlGKd2ar']","['recbLJCeI0onuRiev']","1"
"recoXGAy4buem1K6T","Smith, Elder, and Company,  (England |  |  | London |  | )","Smith, Elder, and Company","['recR6YHhrfthZo5tS']","['rec16R922lX5QDZPM', 'recQLsE3b8ZpK7zMK']","2"
"recyTRqe9Ui22BhUh","Breal,  ()","Breal","","['recifcm36hzws85wr']","1"
"recCGS5qIEq3w252l","B. H. Blackwell,  (England |  | Oxfordshire | Oxford |  | )","B. H. Blackwell","['recZw13lsI65j01ma']","['recpwAhxEIDYJUdeu', 'rectIldEtxe4csZ6x', 'recvt52nTqJJiY1lg', 'rect5DU7l6R3E0J83', 'recaXWuhx8koo8Tm2', 'recr3lX88ukvp2iDh']","6"
"recplelkWTy7jNeH2","Shuter & Shooter Publishers,  (South Africa |  |  | Pietermaritzburg |  | )","Shuter & Shooter Publishers","['recD1fJpkbkjnc0L8']","['rec5bF2sj5WkgvXq2']","1"
"recoZXHGIaNz8qxDQ","Bateleur Press,  (South Africa |  |  | Cape Town |  | )","Bateleur Press","['recByKWBNYTnFNrCp']","['recFFQDhCaAIkszDY']","1"
"","Boriswood,  (England |  |  | London |  | )","Boriswood","['recR6YHhrfthZo5tS']","['reckTpPdb1482mZpE', 'reciChSXCaetQMVTp', 'recstedlIohsatJMk', 'recomBwWDeASjfL0H']","4"
"","Workshop Press,  ()","Workshop Press","","['recIDWp9d6Sq31e9A']","1"
"","Skotaville,  (South Africa |  |  | Johannesburg |  | )","Skotaville","['recFjYFloIc1MhnAb']","['recW3chuZjdJIGAXW']","1"
"","Firfield Pamphlet Press,  (South Africa |  |  | Johannesburg |  | )","Firfield Pamphlet Press","['recFjYFloIc1MhnAb']","['recizD5Thd77rmLKB']","1"
"","Juta,  ()","Juta","","['reclJ8fxGaxak1Er7']","1"
"","C. A. Roy for Collins,  (England |  |  | London |  | )","C. A. Roy for Collins","['recR6YHhrfthZo5tS']","['recyHEioOirWBxQG9']","1"
"","Elsevier Science Ltd.,  (Netherlands |  |  | Amsterdam |  | )","Elsevier Science Ltd.","['recPpOUCWKa5TQtDi']","['recmtplo9EuiHQEAP']","1"
"","Eugen Diederichs Verlag,  (Germany |  |  | Dusseldorf |  | )","Eugen Diederichs Verlag","['recuikJcBtJMtbZDS']","['reccv6ma6NMWFghJn']","1"
"","The Clarendon Press,  (England |  | Oxfordshire | Oxford |  | )","The Clarendon Press","['recZw13lsI65j01ma']","['rec5pzdQf3zuXSn2e', 'recm3cNVBafQ6QHrv', 'recYHKBu9Hw78ZcYU']","3"
"","Unie-Volkspers,  (South Africa |  |  | Cape Town |  | )","Unie-Volkspers","['recByKWBNYTnFNrCp']","['recFOZoJll67bvFKK']","1"
"","Indiana University Press,  (United States | Indiana |  | Bloomington |  | )","Indiana University Press","['rec2lbQThAnBuWF6m']","['recT86r4N3mhJBuoN', 'recZxBfQg1MhMEMuL', 'recvxS7HdLYLrmW5B', 'rec36CETcNYW7lkDk', 'recSffckP9RITz583']","5"
"","The African Book Company,  (South Africa |  |  | Grahamstown |  | )","The African Book Company","['recSFNm7cRV4I7fI7']","['recSL8aMQRpSgg1nL', 'recNIlv7qznRK64lW']","2"
"","Cape Times,  (South Africa |  |  | Cape Town |  | )","Cape Times","['recByKWBNYTnFNrCp']","['recH4lg6GpIxAkwND']","1"
"","Perdika Press,  (England |  |  | London |  | )","Perdika Press","['recR6YHhrfthZo5tS']","['recp0fn2xiEveXdsG']","1"
"","LAPA Publishers,  (South Africa |  |  | Pretoria |  | )","LAPA Publishers","['rec12WNOPdXXeSa9Y']","['reccmuYi5qfSofmj1']","1"
"","Ravan Press,  ()","Ravan Press","","['recyFP4zp5Uj7V5xC', 'recQ87M9JD5EhU39v', 'recCzZz3oST9kmsfG', 'rec896nrunBRhV58y', 'recHMAkYVLckTDzVj']","5"
"","Constable,  (England |  |  | London |  | )","Constable","['recR6YHhrfthZo5tS']","['rec3cnTa9oK8cWMnz', 'recI9UE11V50Ip6KZ']","2"
"","Bloodaxe Books Ltd,  ()","Bloodaxe Books Ltd","","['recmDUrr4lEINlBkr', 'recJ9ZPEwp2lg9prb', 'recczOtklrPoDw5tZ', 'rec6bQ4redMf7Yl21', 'recnp8wwHA6JtJIqN']","5"
"","Pero Press,  ()","Pero Press","","['recBfkNvfddcTWGbL']","1"
"","Via Afrika,  (South Africa |  |  | Cape Town |  | )","Via Afrika","['recByKWBNYTnFNrCp']","['recXZFVgDlAbcYHqs']","1"
"","Kessinger Publishing, LLC,  ()","Kessinger Publishing, LLC","","['recu4U1WazSWc47sN', 'recClAfTjQVLxv3mf']","2"
"","HAUM (Hollandsch-Afrikaansche Uitgeversmaatschappij),  (South Africa |  |  | Cape Town |  | )","HAUM (Hollandsch-Afrikaansche Uitgeversmaatschappij)","['recByKWBNYTnFNrCp']","['recx93CAJdF9w4M1U']","1"
"","New Africa Books,  (South Africa |  |  | Cape Town |  | )","New Africa Books","['recByKWBNYTnFNrCp']","['rec8r8aX1RwgGQP23', 'recIdLqj9o8mKftsP', 'recWlkhORhEhiiucM']","3"
"","Kwela Boeke,  (South Africa |  |  | Cape Town |  | )","Kwela Boeke","['recByKWBNYTnFNrCp']","['recGyM5qvHUZqeLq4', 'rec2g2lRSK9KcGwtg', 'recDH0etSPelB69xl']","3"
"","EDICEF REVUES,  ()","EDICEF REVUES","","['rec7rj8rQ8PInfuvd']","1"
"","PAB,  ()","PAB","","['recSkTqZC4auVjRYC']","1"
"","Stock,  (France |  |  | Paris |  | )","Stock","['recaO8FXmzgUWmwxw']","['recz0QMk4Y24WhERb']","1"
"","Nubia,  ()","Nubia","","['recyXM5mdjNmyQHKp']","1"
"","Bucknell University Press,  (United States | Pennsylvania |  | Lewisburg |  | )","Bucknell University Press","['rec68AEiD1mpRqxWy']","['rechrsWGNQE3MbIMK']","1"
"","Fontana (HarperCollins),  (United States | New York |  | New York |  | )","Fontana (HarperCollins)","['recRPTnrNPU6ArRJv']","['rec8Bos1lCqjN6tMq', 'recMgRCPWroEil3Qn', 'rectwHKIj4H8rxBxM']","3"
"","Zed Books,  (England |  |  | London |  | )","Zed Books","['recR6YHhrfthZo5tS']","['recG2E3tvYeD7wrww']","1"
"","Dufour Editions,  ()","Dufour Editions","","['recMEMs7MDXrFe0vC']","1"
"","French & European Pubns,  ()","French & European Pubns","","['rec7541rTgeLGdKUg']","1"
"","Imprimerie Nationale,  (Madagascar |  |  | Tananarive |  | )","Imprimerie Nationale","['recEQ5xxm0QUQCzsd']","['recJvIMZZ3b8AxGJ3', 'recSWPGUjKtXUD11f', 'reccgxC6ZUfWOyYvm', 'reccimAyDsSQiy1uZ', 'recPCxITH1rEU4GTD', 'recfDUvdb8Pa4ouRo']","6"
"","Hatier ,  (France |  |  | Paris |  | )","Hatier ","['recaO8FXmzgUWmwxw']","['recoNpjO1ORjINWvD']","1"
"","Éditions Clé,  ()","Éditions Clé","","['recJsl7XbzJeDn4Bw']","1"
"","House Of Anansi,  (Canada | Ontario |  | Toronto |  | )","House Of Anansi","['recJkiPQFxXP5QRvY']","['recUscAjRCiFieTUL']","1"
"","L'Harmattan,  ()","L'Harmattan","","['recGrQOGKiHikytQk']","1"
"","Wentworth Press,  ()","Wentworth Press","","['recMvXvTTHCmvsUxL']","1"
"","East African Publishing House,  (Kenya |  |  | Nairobi |  | )","East African Publishing House","['recu3MoBp4ft8I96h']","['recfLPp0lHroPdFgx', 'recKWMnVpS4ocEjmf', 'receVNWzWPRzqESX7', 'recQ9rZSIdXOFnexz', 'recWtM8zIP1aDfMPf']","5"
"","College Press,  ()","College Press","","['receV9LLHf3PlX56h']","1"
"","Ubu Repertory Theater Publications,  (United States | New York |  | New York |  | )","Ubu Repertory Theater Publications","['recRPTnrNPU6ArRJv']","['recDx2Zhk2MZ4G82P']","1"
"","Verschoyle,  ()","Verschoyle","","['recYyVnXU2UGHa2Fo']","1"
"","Philpott and Collins,  (Zimbabwe |  |  | Bulawayo |  | )","Philpott and Collins","['recxqpnt9oMKG6oqZ']","['recAH5xViCa88Mnvr']","1"
"","Snail Press,  (United States | California |  | Los Angeles |  | )","Snail Press","['recdmzHJTksmBYBa6']","['recYxmuyLfXb5BBWf', 'recJWFwgQi5xR957B', 'rec7ytdn76aY9KlLw', 'recbaBJCnvLRwkWNY', 'recgvUAW1gt1ZCBYV']","5"
"","St. James Press,  ()","St. James Press","","['recnxknYQdv7lGncN']","1"
"","Thorold's Africana Books,  ()","Thorold's Africana Books","","['recTORr1FJ3tg7JXI']","1"
"","Nouvelles Éditions africaines,  (Senegal |  |  | Dakar |  | )","Nouvelles Éditions africaines","['recIfdbBEWSnOjoeU']","['recSvH6fPMpmpwYNO', 'recBM75RLGSZumran']","2"
"","Doubleday & Company, Inc,  (United States | New York |  | New York |  | )","Doubleday & Company, Inc","['recRPTnrNPU6ArRJv']","['rec5MOaVK0VRGR2kv', 'recLLGyH2P4c1wB3P', 'recbueJTKu8zsZO2F', 'rec2nJ8eDRTGaSaJx', 'rec1peCCHUyhvXLB6', 'rechn6ldQHH24JtW6']","6"
"","Third Press,  ()","Third Press","","['recSJlynvXjMSZ40T', 'recOqRy0TwNP3pORq']","2"
"","Hogarth Press,  (England |  |  | London |  | )","Hogarth Press","['recR6YHhrfthZo5tS']","['recj7YfHRaEHnZqw7', 'rech65yznK6Uvjx45', 'recXSKmolGdQvbbtd', 'reckiiD8hH5XnSKK0']","4"
"","James Currey,  ()","James Currey","","['recMOQM3AZf5Asvze']","1"
"","Rex Collings,  (England |  | Oxfordshire | Oxford |  | )","Rex Collings","['recZw13lsI65j01ma']","['reczPIYydU8AbjoMK', 'recynXPcDBqb8tX2Y', 'recrghzarckXlh4RW']","3"
"","Purnell,  (England |  |  | London |  | )","Purnell","['recR6YHhrfthZo5tS']","['recK2TLanJJcKuT0L', 'receiHVeEXP5Azugg']","2"
"","J. H. De Bussy,  (Netherlands |  |  | Veenendaal |  | )","J. H. De Bussy","['recnJWrToOJpzPsKv']","['rec5KZTUF6jNFn6CD']","1"
"","Club Afrique loisirs,  ()","Club Afrique loisirs","","['recazBmwe4zUdhCFB']","1"
"","Palala Press,  ()","Palala Press","","['recO1XNwvJfdfFRFD', 'rec5xtR6sTT4D9E4n', 'recIPyBfeGJ8uRQqM']","3"
"","Pergamon Press,  (England |  | Oxfordshire | Oxford |  | )","Pergamon Press","['recZw13lsI65j01ma']","['recPpyS3JpOYEZYYE']","1"
"","G. Gale,  ()","G. Gale","","['recBzk2cgv8496sbD']","1"
"","Rex Collings,  (England |  | Oxfordshire | Oxford |  | )","Rex Collings","['recZw13lsI65j01ma']","['recmRUEB0QxMxNkgM']","1"
"","(T. M.) Maskew Miller,  (South Africa |  |  | Cape Town |  | )","(T. M.) Maskew Miller","['recByKWBNYTnFNrCp']","['rec476sNZ2psfODm3']","1"
"","The Abbey Press,  (Scotland |  |  | Edinburgh |  | )","The Abbey Press","['recfIcl7v6SgmqwkD']","['recRkRCDyjTehKDeG']","1"
"","Vanderbilt University Press,  (United States | Tennessee |  | Nashville |  | )","Vanderbilt University Press","['recvxl0RUoij0HytG']","['recaoElL6oTinAL23']","1"
"","Afram Publications Ghana Ltd,  ()","Afram Publications Ghana Ltd","","['recynchU0DnFTW0XV']","1"
"","Books of Rhodesia,  ()","Books of Rhodesia","","['recWB0hR8WVX6QMav']","1"
"","Seghers,  ()","Seghers","","['recyHj6mUAVixkPaK']","1"
"","Cathedral of St Michael and St. George,  ()","Cathedral of St Michael and St. George","","['recAmspyrL4vpnysI']","1"
"","Fourth Dimension Publishers,  (Nigeria |  |  | Enugu |  | )","Fourth Dimension Publishers","['recKif19KMEYsJGG0']","['recCcwe0FdQIt6Mja', 'reccE9xjt2olTOG9B']","2"
"","Civil and Military Gazette Press,  ()","Civil and Military Gazette Press","","['rec6n4TH5aDywAIfT']","1"
"","Perskor,  (South Africa |  |  | Cape Town |  | )","Perskor","['recByKWBNYTnFNrCp']","['reck6yoDQCQ3r6pLN']","1"
"","K. Paul, Trench, Trubner & Company, Ltd.,  ()","K. Paul, Trench, Trubner & Company, Ltd.","","['recsox7SOdYKJNpS0']","1"
"","Methuen Publishing Ltd,  (England |  |  | London |  | )","Methuen Publishing Ltd","['recR6YHhrfthZo5tS']","['recegwCBRPr0REB68', 'recPSECWMoxNoMntg']","2"
"","David & Charles,  ()","David & Charles","","['recpVUdSYRK1lXqbX']","1"
"","Pro Ecclesiadrukkery,  ()","Pro Ecclesiadrukkery","","['recwHyxUyhBFmCwAf']","1"
"","University of Virginia Press,  (United States | Virginia |  | Charlottesville |  | )","University of Virginia Press","['recODPXzHIaCBolEk']","['recDCsr3nUGpVg0tj']","1"
"","Horn Publishers,  ()","Horn Publishers","","['recWLfC9311F1calN']","1"
"","Seven Stories Press,  (United States | New York |  | New York |  | )","Seven Stories Press","['recRPTnrNPU6ArRJv']","['receZFF4lrnTrACa8']","1"
"","Fortune Press,  (England |  |  | London |  | )","Fortune Press","['recR6YHhrfthZo5tS']","['recilri92sPHoqaRe', 'recdcyEWGhZSyjAz6']","2"
"","R. A. Thompson,  ()","R. A. Thompson","","['recjq6G2GkCPmmTss']","1"
"","New Horn Press,  (Nigeria |  |  | Ibadan |  | )","New Horn Press","['recesdnoCDNCstSIs']","['rec2LKQGKue4Hp2xV']","1"
"","Noonday Pr,  ()","Noonday Pr","","['rechYpanwEt5jRnmf']","1"
"","Editions Ophrys,  (France |  |  | Paris |  | )","Editions Ophrys","['recaO8FXmzgUWmwxw']","['recloMzDVev6p7Z5p']","1"
"","Editions Saint-Germain-des-Prés,  (France |  |  | Paris |  | )","Editions Saint-Germain-des-Prés","['recaO8FXmzgUWmwxw']","['recbpUXwCt2L2Ephg']","1"
"","Scribe Press,  ()","Scribe Press","","['reck63AHLShSyZBQ4']","1"
"","Anansesem Publications,  ()","Anansesem Publications","","['recOLlI6ohPJkQ9wd']","1"
"","Chatto & Windus,  (England |  |  | London |  | )","Chatto & Windus","['recR6YHhrfthZo5tS']","['rec9tufQeaIALWELV']","1"
"","Rupert Hart-Davis Ltd.,  (England |  |  | London |  | )","Rupert Hart-Davis Ltd.","['recR6YHhrfthZo5tS']","['recN34GzBodigLfVi']","1"
"","University of Port Harcourt Press,  (Nigeria |  |  | Port Harcourt |  | )","University of Port Harcourt Press","['recyw9KO0SJWxnOIL']","['reccWKVIOeVgUF2v3', 'recrbRolTvVLEU0e4']","2"
"","Coward-McCann,  ()","Coward-McCann","","['reckE72w8GKSDMs06']","1"
"","Elkin Mathews,  (England |  |  | London |  | )","Elkin Mathews","['recR6YHhrfthZo5tS']","['recyIQGFOvLsv55hY']","1"
"","G. Richards,  ()","G. Richards","","['rechbQz27itts5h98', 'recqseSspykYfBpH0', 'rec3ChSU3xPo8po94']","3"
"","Sono Nis Press,  ()","Sono Nis Press","","['recHqtadPgKmkUktO']","1"
"","Polygraph,  ()","Polygraph","","['rec9X9rZ5NCQnez6U']","1"
"","The Saint Catherine Press Ltd,  (England |  |  | London |  | )","The Saint Catherine Press Ltd","['recR6YHhrfthZo5tS']","['rect5PhkhfcTTQUdF']","1"
"","G.P. Putnam's Sons,  (United States | New York |  | New York |  | )","G.P. Putnam's Sons","['recRPTnrNPU6ArRJv']","['rec7qcBRHPqmE692H', 'recKbjNA0DL7dqtPI', 'reciySMdTuNlT1KUJ']","3"
"","Unisa Press,  (South Africa |  |  | Pretoria |  | )","Unisa Press","['rec12WNOPdXXeSa9Y']","['rec2y2B84JDkx5iXc']","1"
"","Mayibuye Books,  ()","Mayibuye Books","","['reca61rZBZBjcoy36']","1"
"","Arts & Culture Trust,  ()","Arts & Culture Trust","","['recWomS4pMuH7a6FN']","1"
"","Outposts Publications,  ()","Outposts Publications","","['recUGUruf6XO0krgG']","1"
"","E. Nash,  (England |  |  | London |  | )","E. Nash","['recR6YHhrfthZo5tS']","['recTI3LrvG1YOIhtz', 'rec1XDgMW1UWEEZCN', 'recdGNHljkKK6dnAC']","3"
"","A. R. Mowbray,  (England |  |  | London |  | )","A. R. Mowbray","['recR6YHhrfthZo5tS']","['recK3AYcmrCOLpmdO']","1"
"","J.M Dent & Sons Ltd,  (England |  |  | London |  | )","J.M Dent & Sons Ltd","['recR6YHhrfthZo5tS']","['recYUPn8Rg8P5RwGN', 'recTvEIOgnWXn3KF8', 'rec3Pkpc87OALiRrI', 'recWaCyQVPiy7V775', 'rectPyB9WRspN2TVR', 'recPxfFVCL7XGsPmM', 'reczLynfAKKrT5GAp', 'recEBQ0Qeb0bSYoJ7', 'recIJ4i7vZh2GXz1n', 'recuUHw0BiwW7LMHY']","10"
"","E. Mathews,  ()","E. Mathews","","['rectry3fGAaaaxK5J']","1"
"","Howard University Press,  (United States | District of Columbia |  | Washington |  | )","Howard University Press","['recZ8nuD8yhiuQwZM']","['rec53uy2z9lWJwYBn']","1"
"","Editions de Mirages,  (Tunisia |  |  | Tunis |  | )","Editions de Mirages","['recNHqLPj6mI49ZDJ']","['recgFTw6HLOEYxNeC']","1"
"","Carapace Poets,  (South Africa |  |  | Cape Town |  | )","Carapace Poets","['recByKWBNYTnFNrCp']","['recuO6holV1lgGsEf']","1"
"","Heinemann Kenya,  (Kenya |  |  | Nairobi |  | )","Heinemann Kenya","['recu3MoBp4ft8I96h']","['recZGDjjr1R8V1aiU']","1"
"","Kagiso Publishers,  (South Africa |  |  | Pretoria |  | )","Kagiso Publishers","['rec12WNOPdXXeSa9Y']","['recY1hs5s17hQjcJQ']","1"
"","Harvard University Press,  (United States | Massachusetts |  | Cambridge |  | )","Harvard University Press","['reccmZIG8WaCtw0My']","['recjqYC5u4GQLmLV4', 'reczlIAOqgnCi6oBB', 'rec2qVDsQsJO4xz12']","3"
"","Querido,  (Netherlands |  |  | Amsterdam |  | )","Querido","['recPpOUCWKa5TQtDi']","['recWBNicK3FK9kclJ', 'rec4RomeW3z0g7pdo']","2"
"","National Educational Company of Zambia, Limited (NECZAM),  ()","National Educational Company of Zambia, Limited (NECZAM)","","['rec6dLEpbEGGZochO']","1"
"","Ophir Press,  ()","Ophir Press","","['recPXia0uZr2qPext']","1"
"","Sheep Meadow Press,  (United States | New York |  | Rhinebeck |  | )","Sheep Meadow Press","['recLmeiLpn2d5oHcV']","['recfSiKCQ2H1hCtuy', 'recmkFNFuVi9RjsI3']","2"
"","Vantage Press,  (United States | New York |  | New York |  | )","Vantage Press","['recRPTnrNPU6ArRJv']","['recIqoXnUpahi8muT']","1"
"","Echoing Green Press,  (South Africa |  |  | Fish Hoek |  | )","Echoing Green Press","['recCu7WnWqVg1A0Oy']","['recMgg5KCSUhmPlcP']","1"
"","Mallory International,  ()","Mallory International","","['recHhzXyhikofSRx8']","1"
"","Renoster Books,  (South Africa |  |  | Johannesburg |  | )","Renoster Books","['recFjYFloIc1MhnAb']","['recz2r6ZzL2irbes3']","1"
"","Africana Publishing Corporation,  ()","Africana Publishing Corporation","","['recoVwBrR1Al3ZVFc']","1"
"","The Feminist Press,  (United States | New York |  | New York |  | )","The Feminist Press","['recRPTnrNPU6ArRJv']","['recsrQk0JS5y25fOT', 'rec1J8aEms1xE30Vn']","2"
"","Ballantine Books,  (United States | New York |  | New York |  | )","Ballantine Books","['recRPTnrNPU6ArRJv']","['recCSUhjpIJGry6gJ']","1"
"","Rodopi,  ()","Rodopi","","['recJzt9bSaypMdLod']","1"
"","Tinder Press,  (England |  |  | London |  | )","Tinder Press","['recR6YHhrfthZo5tS']","['recEesUOGuT0kQUnL']","1"
"","Bloomsbury,  (England |  |  | London |  | )","Bloomsbury","['recR6YHhrfthZo5tS']","['recFmlncunUmXhXHm', 'recK0MHLPqaAjR7jb', 'rechzJ5GWfunxHwpn']","3"
"","Wiley-Blackwell,  ()","Wiley-Blackwell","","['recRP0R3BZT6niTCh']","1"
"","Virago,  ()","Virago","","['recL2I5pDkhjH9R4H', 'rec9nTaGUbYWqrsda']","2"
"","Picador,  (England |  |  | London |  | )","Picador","['recR6YHhrfthZo5tS']","['recNCvv0peXYt1Q5D']","1"
"","Dangaroo,  ()","Dangaroo","","['recIAbPX3kiE86h1I']","1"
"","Pitman,  ()","Pitman","","['recKcjEpO2Wk29GL2']","1"
"","Samuel French,  ()","Samuel French","","['recaRNSGZ2LFS0Fgj']","1"
"","P. Bedrick Books,  (United States | New York |  | New York |  | )","P. Bedrick Books","['recRPTnrNPU6ArRJv']","['recsuHcmAYL9oJOOD']","1"
"","The Harvill Press Ltd,  (England |  |  | London |  | )","The Harvill Press Ltd","['recR6YHhrfthZo5tS']","['reckhz1alK8NUrVMi']","1"
"","Michael Joseph,  (England |  |  | London |  | )","Michael Joseph","['recR6YHhrfthZo5tS']","['recr3TqRK3nSJhSAn']","1"
"","Allen and Unwin,  (England |  |  | London |  | )","Allen and Unwin","['recR6YHhrfthZo5tS']","['recyTuOAXKKT6IPNY']","1"
""," ‎ Liveright Pub Corp,  (United States  | New York |  | New York City |  | )"," ‎ Liveright Pub Corp","['recNSw7fkmAZhy1Qx']","['recIouYDrTyfiMavG']","1"
"","Weidenfeld & Nicolson Ltd,  (England |  |  |  |  | )","Weidenfeld & Nicolson Ltd","['recTAlcF5bAeJO9oo']","['recMedjeCqzXUYvRs', 'rec3In900frmJM1s6']","2"
"","Henry Regnery Company,  (England |  |  |  |  | )","Henry Regnery Company","['recTAlcF5bAeJO9oo']","['recjxeYVxGUXDSfAh']","1"
"","University of Missouri Press,  (United States |  |  |  |  | )","University of Missouri Press","['recZ61lsBuFpSCKu8']","['recCvoN3FopsXy9Na', 'recfH5hJzIYyl6yt7']","2"
"","J.M Dent & Sons Ltd,  (England |  |  |  |  | )","J.M Dent & Sons Ltd","['recTAlcF5bAeJO9oo']","['recdez9YS6iiak0Iz']","1"
"","Viking Press,  (United States | New York |  | New York |  | )","Viking Press","['recRPTnrNPU6ArRJv']","['recg6HnUt3fwILZ7j', 'rech9xsbXffWuaqkb']","2"
"","Bantam Press,  (England |  |  | London |  | )","Bantam Press","['recR6YHhrfthZo5tS']","['recOsMdwn0ZuUdN5t']","1"
"","Robert M. McBride & Company,  (United States |  |  |  |  | )","Robert M. McBride & Company","['recZ61lsBuFpSCKu8']","['recBM0oD1IveSsDGl']","1"
"",",  ()","","","","0"
"","Cecil and Amelia Woolf,  (England |  |  | London |  | )","Cecil and Amelia Woolf","['recR6YHhrfthZo5tS']","['recYGtNtkQWhIZlbx']","1"
"","Grove Press,  (United States  | New York |  | New York City |  | )","Grove Press","['recNSw7fkmAZhy1Qx']","['rec2yehR3z4mSksqL']","1"
"","Michael Joseph,  ()","Michael Joseph","","['recGt2BMWFqcbBBvo']","1"
"","André Deutsch,  (England |  |  |  |  | )","André Deutsch","['recTAlcF5bAeJO9oo']","['recgQx8k9hpp8ICxt', 'recY1ttgbRulOt0Qr']","2"
""," Palgrave Macmillan,  (England |  |  | London |  | )"," Palgrave Macmillan","['recR6YHhrfthZo5tS']","['recA89E5btK2E0qXP']","1"
"","MacMillan & Company,  (England |  |  | London |  | )","MacMillan & Company","['recR6YHhrfthZo5tS']","['recJ6K63IIFzH1hCy', 'rec0NbDjgZEhh6I0y', 'rec5yxn5Gl5rupSji']","3"
"",",  ()","","","","0"
"","W. H. Allen,  (England |  |  | London |  | )","W. H. Allen","['recR6YHhrfthZo5tS']","['reccK9hXzY4rroF2I']","1"
"","Salamander Press,  (England |  |  | London |  | )","Salamander Press","['recR6YHhrfthZo5tS']","['recCpK66n4ey3uLXc']","1"
"","Hamish Hamilton Limited ,  (England |  |  | London |  | )","Hamish Hamilton Limited ","['recR6YHhrfthZo5tS']","['rectPbfdcQa9oA7wy', 'rec3zod8gJYZY3kZb']","2"
"","Mandarin Publishing ,  (England |  |  | London |  | )","Mandarin Publishing ","['recR6YHhrfthZo5tS']","['recXa5IzB3Jrxpx1F']","1"
"","Collins Harvill,  (England |  |  | London |  | )","Collins Harvill","['recR6YHhrfthZo5tS']","['recfAvt89smXwzCyu']","1"
"","Peter Halban Publishers Ltd,  (England |  |  |  |  | )","Peter Halban Publishers Ltd","['recTAlcF5bAeJO9oo']","['recT9I8oWhwqyBvYy']","1"
""," McClelland and Stewart,  (Canada |  |  |  |  | )"," McClelland and Stewart","['recnnxKNEas1j5WCd']","['recbT644O14fELliY']","1"
"","Vintage UK,  (England |  |  | London |  | )","Vintage UK","['recR6YHhrfthZo5tS']","['rectIFXYAd83T312s', 'recyuS5WRs1Tw8XMI']","2"
"","Gollancz,  (England |  |  | London |  | )","Gollancz","['recR6YHhrfthZo5tS']","['recLD55v4Ji1kozhj']","1"
"","African and Afro-American Research Institute, University of Texas at Austin,  (United States | Texas |  | Austin |  | )","African and Afro-American Research Institute, University of Texas at Austin","['recRe7jxzJfKeARmP']","['recFNN7bGZ1vT3Wuh', 'rec6rtGaLaImDdS7R', 'recfki1p8zgLtljac', 'rec35jIvTdVwrENLA']","4"
"","Arno Press,  (United States | New York |  | New York |  | )","Arno Press","['recRPTnrNPU6ArRJv']","","0"
"","The Dresden Press,  (United States | New York |  | New York |  | )","The Dresden Press","['recRPTnrNPU6ArRJv']","['receBnH43UE58aYmp']","1"
"","Frederick A. Praeger,  (United States | New York |  | New York |  | )","Frederick A. Praeger","['recRPTnrNPU6ArRJv']","['recX4073ZKsIJsgM3']","1"
"","The MacMillan Company,  (England |  |  | London |  | )","The MacMillan Company","['recR6YHhrfthZo5tS']","['reckt088yvAoN4OYR']","1"
"","L'Essor du Congo,  (Democratic Republic of the Congo |  |  | Elisabethville (Lubumbashi) |  | )","L'Essor du Congo","['recKEwwApIiJAuyjn']","['recijCvNMszRdL2WW']","1"
"","Perskor,  (South Africa |  |  | Johannesburg |  | )","Perskor","['recFjYFloIc1MhnAb']","['recgOhInNY29UKdws']","1"
"","Rex Collings,  (United Kingdom |  |  | London |  | )","Rex Collings","['recnkP4dNstP6CO67']","['rectXriMojhi9a2Ug']","1"
"","Oxford University Press,  (England |  |  | London |  | )","Oxford University Press","['recR6YHhrfthZo5tS']","['recrZcYUWx85jKfCT']","1"
"","Henry Regnery Company,  (United States |  |  |  |  | Washington)","Henry Regnery Company","['recxPOx9xARN3FV2T']","['recZcAC1EUYdcQODs']","1"
"","Vooraand,  (South Africa |  |  | Cape Town |  | )","Vooraand","['recByKWBNYTnFNrCp']","['rec0bxkGQQBBqroop']","1"
"","Pierre Seghers,  (France |  |  | Paris |  | )","Pierre Seghers","['recaO8FXmzgUWmwxw']","['recNqJoBE0PSFEV6C', 'recNGVFdNL4wtwbYE']","2"
"","African Monthly,  (South Africa |  |  | Cape Town |  | )","African Monthly","['recByKWBNYTnFNrCp']","['recn5u5iKBsNU5LSS']","1"
"","Snail Press,  (South Africa |  |  | Plumstead |  | )","Snail Press","['reczRbfXP3XQjG1Nw']","['recu0SX5021YI7LEP']","1"
"","Kathak,  (Bangladesh |  |  | Dhaka |  | )","Kathak","['recDLTqzhMQL7sG1q']","['recn3mw8KSBEyyNI0']","1"
"","Heinemann and Balestier,  (England |  |  | London |  | )","Heinemann and Balestier","['recR6YHhrfthZo5tS']","['recELe9MVgjE3r06b']","1"
"","HOND Publishers,  (South Africa |  |  | Pretoria |  | )","HOND Publishers","['rec12WNOPdXXeSa9Y']","['recW9bExHwqXQntJD']","1"
"","Baobab Books,  (Zimbabwe |  |  | Harare |  | )","Baobab Books","['recEWO2rZe0WHVrCz']","['recsU7moEEBUjCrAX']","1"
"","W. Plomer,  (England |  |  | London |  | )","W. Plomer","['recR6YHhrfthZo5tS']","['recLW4U9pXKOFt2U3']","1"
"","Potchefstroomse Universiteit vir Christelike Hoër Onderwys,  (South Africa |  |  | Potchefstroom |  | )","Potchefstroomse Universiteit vir Christelike Hoër Onderwys","['recCSdknwCuQNJkjz']","['rec82TMbGe8walRTM']","1"
"","Universiteit van Suid-Afrika,  (South Africa |  |  | Pretoria |  | )","Universiteit van Suid-Afrika","['rec12WNOPdXXeSa9Y']","['rec7GWA7vf4t3kQUc']","1"
"","RAU-Pers,  (South Africa |  |  | Johannesburg |  | )","RAU-Pers","['recFjYFloIc1MhnAb']","['rec6n3eU07E4w3ccW']","1"
"","Jonathan Cape,  (United Kingdom |  |  | London |  | )","Jonathan Cape","['recnkP4dNstP6CO67']","['rec6TOUx63FVXTgfv']","1"
"","André Deutsch,  (United Kingdom |  |  | London |  | )","André Deutsch","['recnkP4dNstP6CO67']","['rec5Y8WljQ3ip1f7D']","1"
"","Oxford University Press,  (United Kingdom |  |  | London |  | )","Oxford University Press","['recnkP4dNstP6CO67']","['recZIlBwJxwRe0gri']","1"
"","George Braziller,  (United States | New York |  | New York |  | )","George Braziller","['recRPTnrNPU6ArRJv']","['recoOLsHDvB40WiDG']","1"
"","Desmond Harmsworth,  (United Kingdom |  |  | London |  | )","Desmond Harmsworth","['recnkP4dNstP6CO67']","['recWdjfuhQ1HQUJbV']","1"
"","MacMillan,  (South Africa |  |  | Cape Town |  | )","MacMillan","['recByKWBNYTnFNrCp']","['recmkZFyGMIkb3Opw']","1"
"","Little, Brown and Company,  (United States | New York |  | New York |  | )","Little, Brown and Company","['recRPTnrNPU6ArRJv']","['recLdZQzDgkrmHxa9']","1"
"","Vintage UK,  (United Kingdom |  |  | London |  | )","Vintage UK","['recnkP4dNstP6CO67']","['recUInbJG7iOnV7Og', 'recgi4QwRUALykM9c']","2"
"","Gardeners Books,  ( | United Kingdom | Sussex |  |  | )","Gardeners Books","['rechPXpfVBwZ6VLvJ']","['recbRWGuSI7f8ZKqF']","1"
"","André Deutsch,  ()","André Deutsch","","['reczpoMB6YcJo38OB']","1"
"","André Deutsch,  (United Kingdom |  |  | London |  | )","André Deutsch","['recnkP4dNstP6CO67']","['reczpoMB6YcJo38OB']","1"
"","De Nationale Pers,  (South Africa |  |  | Cape Town |  | )","De Nationale Pers","['recByKWBNYTnFNrCp']","['recfX537wI3IR7EM5']","1"
"","Pierre Jean Oswald,  (France |  |  | Honfleur |  | )","Pierre Jean Oswald","['recVGVgcukUB7yCbS']","['reccAfon0Eo5mxWrW']","1"
"","Pierre Jean Oswald,  (Tunisia |  |  | Tunis |  | )","Pierre Jean Oswald","['recNHqLPj6mI49ZDJ']","['rec7CYPa2le91lFa1']","1"
"","Culemborg/Kaapstad,  (South Africa |  |  | Cape Town |  | )","Culemborg/Kaapstad","['recByKWBNYTnFNrCp']","['recRbd33aen8FCZEe']","1"
"","HAUM (Hollandsch-Afrikaansche Uitgeversmaatschappij),  (South Africa |  |  | Johannesburg |  | )","HAUM (Hollandsch-Afrikaansche Uitgeversmaatschappij)","['recFjYFloIc1MhnAb']","['rec3TETpWhicVSNKH']","1"
"","G. Pitot de la Beaujardière,  (Madagascar |  |  | Tananarive |  | )","G. Pitot de la Beaujardière","['recEQ5xxm0QUQCzsd']","['recfa4DxbN1MUSvQo']","1"
"","Benn of London,  (United Kingdom |  |  | London |  | )","Benn of London","['recnkP4dNstP6CO67']","['rec91q1rHJY2Pmfb8']","1"
"","Chez l'auteur,  (France |  |  | Paris |  | )","Chez l'auteur","['recaO8FXmzgUWmwxw']","['recYtTY20uBuBTmBx']","1"
"","Imprimerie de l'Imerina,  (Madagascar |  |  | Tananarive |  | )","Imprimerie de l'Imerina","['recEQ5xxm0QUQCzsd']","['recbMN20SCPsvh6ax', 'recRVX1nrKLyoWYvD']","2"
"","Afrikaanse Pers-Boekhandel,  (South Africa |  |  | Johannesburg |  | )","Afrikaanse Pers-Boekhandel","['recFjYFloIc1MhnAb']","['receUiheAwxS1n5zV']","1"
"","Update Communications,  (Nigeria |  |  |  |  | )","Update Communications","['recXITrh18deFhaPB']","['recFElL4M8JOIdzmW']","1"
"","Geoffrey Bles,  (United Kingdom |  |  | London |  | )","Geoffrey Bles","['recnkP4dNstP6CO67']","['recPrv6nA6eiGI9g6']","1"
"","Hutchins Center,  ()","Hutchins Center","","","0"
"","Blackwoods Magazine,  (Scotland |  |  | Edinburgh |  | )","Blackwoods Magazine","['recfIcl7v6SgmqwkD']","['recgbJ9fMRBb9f9iJ']","1"
"","The John Hopkins University Press,  (United States | Maryland |  | Baltimore |  | )","The John Hopkins University Press","['rec7yvFgJcoUWUJZG']","['recV3OW8Z9gaXJTZN', 'recGHtKvKghhwQJU9', 'reccqrADKEu0tzQW8']","3"
"","Granta Books,  (England |  |  | London |  | )","Granta Books","['recR6YHhrfthZo5tS']","['recvTDZq97tV1wG7h']","1"
"","Wesleyan University Press,  (U.S.A |  |  | Connecticut |  | Middletown)","Wesleyan University Press","['recxLcqJcLT7D69nw']","['recLsCh0bXVpM2Wr6']","1"
"","Sage,  (U.S.A | California |  |  |  | Thousand Oaks)","Sage","['recbx3iMtF1tRoWE4']","['recRRGrp5zHetajAs']","1"
"","Arete Limited,  (England |  | Oxfordshire | Oxford |  | )","Arete Limited","['recZw13lsI65j01ma']","['recaoAET4UhAnt6Vf']","1"
"","Fourth State,  (England |  |  | London |  | )","Fourth State","['recR6YHhrfthZo5tS']","['recQJwZx1Xuz70z78']","1"
"","Blackwood,  (Scotland |  |  | Edinburgh |  | )","Blackwood","['recfIcl7v6SgmqwkD']","['recGRANaa3zMdjHWj']","1"
"","McGraw-Hill,  (United States | New York |  | New York |  | )","McGraw-Hill","['recRPTnrNPU6ArRJv']","['recfUQS8E8TAkRJDr']","1"
"","Abelard-Schuman,  (United States | New York |  | New York |  | )","Abelard-Schuman","['recRPTnrNPU6ArRJv']","['recz9VTXAPvmcBsvC']","1"
"","IC Publications ,  (England |  |  | London |  | )","IC Publications ","['recR6YHhrfthZo5tS']","['rec6vfc5JPYRNpmb5']","1"
"","Wits University Press,  (South Africa |  |  | Johannesburg |  | )","Wits University Press","['recFjYFloIc1MhnAb']","['recKSQdEp0bHrSbTc']","1"
"","Basic Books,  (United States | New York |  | New York |  | )","Basic Books","['recRPTnrNPU6ArRJv']","['recDld9B43Q4SrxCj']","1"
"","Riverrun Press,  (United States | New York |  | New York |  | )","Riverrun Press","['recRPTnrNPU6ArRJv']","['recp2lAq1db8geW1P']","1"
"","Mariner Books,  (United States | Massachusetts |  | Boston |  | )","Mariner Books","['reck7rbt8DZuwaZSO']","['recRw2dr3pkUjSAQe']","1"
"","Farrar Straus & Giroux,  (United States | New York |  | New York |  | )","Farrar Straus & Giroux","['recRPTnrNPU6ArRJv']","['recVl8buTI3sfH2m5']","1"
"","Skidmore College ,  (U.S.A |  |  | New York |  | Saratoga Spring)","Skidmore College ","['recGIRJdLd71QodeQ']","['recwLY5XfIb5lzlC5']","1"
"","The Times Literary Supplement,  (England |  |  | London |  | )","The Times Literary Supplement","['recR6YHhrfthZo5tS']","['reccFUocnm7oNvffU']","1"
"","Boston University ,  (United States | Massachusetts |  | Boston |  | )","Boston University ","['reck7rbt8DZuwaZSO']","['recVqGUok15nJ1pd2']","1"
""," Modra Musa Publishers,  (Czech Republic |  |  | Prague |  | Prague)"," Modra Musa Publishers","['recnUWewLOa27J6w3']","['receRmd97QNTAvxtj']","1"
