"airtableID","Unique ID","Primary Field","Name","Date not before","Date","Summary","[location]","Event type","Complete","[commentaries]","[people]","[news items]","person-notpoet","person-poet","topics-decade","places","spatial.region","spatial.country","spatial.city","commentaries_relation","news_items"
"recxmvMclDoNriLcO","apdp.event.000001","South African Truth and Reconciliation Commission (South Africa |  |  |  |  |  |)","South African Truth and Reconciliation Commission","1995-01-01","1995-01-01","The Truth and Reconciliation Commission (TRC) was a court-like restorative justice body assembled in South Africa after the end of apartheid in 1995. Witnesses who were identified as victims of gross human rights violations were invited to give statements about their experiences, and some were selected for public hearings. Perpetrators of violence could also give testimony and request amnesty from both civil and criminal prosecution.

https://en.wikipedia.org/wiki/Truth_and_Reconciliation_Commission_(South_Africa)","['reclOpPGX481mIIQk']","Political","True","","['rec2Yzcx8kklIjbf2']","['recutkWh7xfR5gT4M', 'reciAyJBXtTc8Tu8d', 'rec2hLswqXgfigQaS']","","[""[Krog, Antjie](apdp.person.000980)""]","1990","South Africa","[""Southern Africa""]","[""South Africa""]","","","[""[Witness to man's inhumanity (1999-01-24)](apdp.news.000159)"", ""[Out of South Africa (2004-06-27)](apdp.news.000560)"", ""[Hungry for More (2007-11-04)](apdp.news.000561)""]"
"rec6q3LDFF4HWGzFZ","apdp.event.000002","Trial of Breyten Breytenbach (South Africa |  |  | Johannesburg |  |  |)","Trial of Breyten Breytenbach","1975-01-01","1975-01-01","In 1975, Breyten Breytenbach, the anti-apartheid poet, was sent for trial in the Supreme Court in South Africa on charges carrying the death penalty. Breytenbach, at the time aged 36, was accused under the Terrorism and Anti-Communism Acts of helping to set up an illegal organization to promote armed struggle in South Africa intended to overthrow the white government.","['rec7vneM2hqL1SO2P']","Political","True","","['rechNpA4zoaK9Yc3C']","['rec7NgLP6n6JdMXoQ']","","[""[Breytenbach, Breyten](apdp.person.001295)""]","1970","South Africa, Johannesburg","[""Southern Africa""]","[""South Africa""]","[""Johannesburg""]","","[""[Why South Africa put its leading Afrikaans poet on trial (1975-11-24)](apdp.news.000084)""]"
"reclS5LLr7VQp2hE4","apdp.event.000003","Marriage to Mary Garman (England |  |  | London |  |  |)","Marriage to Mary Garman","1924-01-01","1924-01-01","Mary Garman married South African poet Roy Campbell in 1924 in London, England.","['recQv4awWXxtsWGB4']","Personal","True","","['recyJeoWitFNAMp2w']","['rec94HMoq1lGJoVC1']","","[""[Campbell, Roy](apdp.person.000514)""]","1920","England, London","[""United Kingdom""]","[""England""]","[""London""]","","[""[Wayward and wild (2004-09-10)](apdp.news.000003)""]"
"rec3DIsHZQ25VZ5bq","apdp.event.000004","US Athletes boycott Olympics, with support from SANROC (Dennis Brutus) (United States |  |  |  |  |  |)","US Athletes boycott Olympics, with support from SANROC (Dennis Brutus)","1967-09-26","1967-09-26","By September 26, 1967, black American athletes were likely to boycott the 1968 Olympics in Mexico City in response to racist South African policies. ","['recydypO7jRvlRMnY']","Political","True","['recPTpLkmfV5VOWqj']","['recJS8H6ldyvxrumr']","['recnvbrAp7Dbqg2Rm']","","[""[Brutus, Dennis Vincent](apdp.person.000779)""]","1960","United States","[""North America""]","[""United States""]","","[""[Dennis Brutus; Race, Sports, and Poetry](apdp.commentary.000010)""]","[""[US Negroes asked to boycott Games (1967-09-26)](apdp.news.000206)""]"
"recQQRWRNiBObCxBy","apdp.event.000005","Degree Doctor of Letters by Diploma conferred to Léopold Sédar Senghor (England |  | Oxfordshire | Oxford |  |  |)","Degree Doctor of Letters by Diploma conferred to Léopold Sédar Senghor","1973-10-26","1973-10-26","On October 26, 1973, the Chancellor of Oxford University, Harold Macmillan, granted a Doctor of Letters by Diploma to Léopold Sédar Senghor, president of Senegal. Senghor was the second head of an African state to receive such a degree. ","['reczAs0AOVoujx1vi']","Professional","True","","['recak4e9sxTjxOjd6']","['rec76krklNcOXeQIt']","","[""[Senghor, L\u00e9opold S\u00e9dar](apdp.person.001141)""]","1970","England, Oxford","[""United Kingdom""]","[""England""]","[""Oxford""]","","[""[University news (1973-10-27)](apdp.news.000102)""]"
"recS5iDMhH6VFdSbm","apdp.event.000006","Performance of ""The Lion and the Jewel"" by Wole Soyinka on the BBC Third Programme (England |  |  | London |  |  |)","Performance of ""The Lion and the Jewel"" by Wole Soyinka on the BBC Third Programme","1966-01-01","1966-01-01","In May 1966, Wole Soyinka's play ""The Lion and the Jewel"" was featured on the BBC Third Programme. ","['recQv4awWXxtsWGB4']","Professional","True","","['recePxY600kj8FBDo']","['rec7D4bcbSovWRwN1']","","[""[Soyinka, Wole](apdp.person.001220)""]","1960","England, London","[""United Kingdom""]","[""England""]","[""London""]","","[""[Tonie: acting in Hampsted (1966-05-17)](apdp.news.000125)""]"
"reckbavsjed7nvlWF","apdp.event.000007","Death of Foreign Minister of Malagasy Republic (Madagascar |  |  | Tananarive |  |  |)","Death of Foreign Minister of Malagasy Republic","1967-09-28","1967-09-28","The Malagasy Republic's ambassador in London,  Jules Razafimbahiny, was called back to help fill the gap caused by the death of the Malagasy Foreign Minister, Dr. Albert Sylla, in an air crash in Madagascar in August 1967. ","['recdXCBTSP20jRBl3']","Political","True","","['recEMs15YrEWRj1BW']","['recAvVf04WMr5VHON']","","[""[Rabemananjara, Jacques](apdp.person.000652)""]","1960","Madagascar, Tananarive","[""East Africa""]","[""Madagascar""]","[""Tananarive""]","","[""[The Times Diary: Envoy steps into gap (1967-09-28)](apdp.news.000187)""]"
"recuWBWgGYybKsxfO","apdp.event.000008","Nigerian Civil War (Nigeria |  |  | Enugu |  |  |)","Nigerian Civil War","1967-07-06","1967-07-06","The Nigerian Civil War (also known as the Biafran War and the Nigerian-Biafran War) was a civil war in Nigeria fought between the government of Nigeria and the secessionist state of Biafra from 6 July 1967 to 15 January 1970. Biafra represented nationalist aspirations of the Igbo people, whose leadership felt they could no longer coexist with the Northern-dominated federal government.

https://en.wikipedia.org/wiki/Nigerian_Civil_War","['recqQdIoEhavb2LP9']","Political","True","","['recaCiJPKa01202RA', 'recVFPpzi89nRR9VN']","['reczzTYRRjazrq3YS', 'recxe7u9dT9oULtDp', 'recvGKKrjUBShNi0I', 'reclVLwGAx2On1zbb', 'recU4aqP3NYwaUpPJ', 'recvIL8ueEioc8EYC', 'rectERh5pSDG6dLXV']","","[""[Okigbo, Christopher](apdp.person.001150)"", ""[Clark, John Pepper 'J. P.'](apdp.person.000828)""]","1960","Nigeria, Enugu","[""West Africa""]","[""Nigeria""]","[""Enugu""]","","[""[The Literature of the Civil War (1972-03-03)](apdp.news.000241)"", ""[Words soften Biafra's defeat (1970-08-23)](apdp.news.000305)"", ""[Full Analysis of the War Awaited (1972-03-06)](apdp.news.000243)"", ""[Biafra voices (1969-08-03)](apdp.news.000303)"", ""[Radio (1997-03-09)](apdp.news.000330)"", ""[Wednesday 6 September (1995-09-03)](apdp.news.000326)"", ""[World Service (1996-11-10)](apdp.news.000329)""]"
"recU5bKcn3WH2BWEK","apdp.event.000009","Population Registration Act (South Africa |  |  | Cape Town |  |  |)","Population Registration Act","1950-01-01","1950-01-01","The Population Registration Act of 1950 required that each inhabitant of South Africa be classified and registered in accordance with his or her racial characteristics as part of the system of apartheid.

https://en.wikipedia.org/wiki/Population_Registration_Act,_1950","['recLM0HjQzxbPfQLn']","Political","True","","['recwVz0EvRwefFtZe']","['rec23UjvZJz2dMmf6']","","[""[Small, Adam](apdp.person.000479)""]","1950","South Africa, Cape Town","[""Southern Africa""]","[""South Africa""]","[""Cape Town""]","","[""[The language for poets (1978-03-11)](apdp.news.000075)""]"
"recFGwvD80SoDlOrv","apdp.event.000010","Arrest of Ken Saro-Wiwa (Nigeria |  |  | Port Harcourt |  |  |)","Arrest of Ken Saro-Wiwa","1993-06-21","1993-06-21","On Monday, June 21, 1993 in Port Harcourt, poet Ken Saro-Wiwa was arrested and detained by Nigerian authorities but was released after a month. ","['rec7DGOawHV20CQBB']","Political","True","","['recaCiJPKa01202RA', 'recnvzoLKFGW7rk3s']","['recvFbGrflrD1hSCI']","","[""[Okigbo, Christopher](apdp.person.001150)"", ""[Achebe, Chinua 'Albert Chinualumogu'](apdp.person.000265)""]","1990","Nigeria, Port Harcourt","[""West Africa""]","[""Nigeria""]","[""Port Harcourt""]","","[""[The arrest of Ken Saro-Wiwa (1993-07-02)](apdp.news.000254)""]"
"recY7m7FZkEfPONWs","apdp.event.000011","First International Congress of Negro Writers and Artists (France |  |  | Paris |  |  |)","First International Congress of Negro Writers and Artists","1956-01-01","1956-01-01","The First International Congress of Black Writers and Artists, held from September 19-22, 1956 at the Sorbonne in Paris, was one of the most significant gatherings of black intellectuals during the twentieth century.

https://arcade.stanford.edu/content/women-and-1956-congress-black-writers-and-artists-paris","['recEBwaUVYfrrAk49']","Professional","True","","","['recI9u4ZSVIvmIlTh']","","","1950","France, Paris","[""Europe""]","[""France""]","[""Paris""]","","[""[The African Renaissance (1957-08-15)](apdp.news.000092)""]"
"recBkmRXR3SS7o8lY","apdp.event.000012","The South Bank Show ()","The South Bank Show","",""," - ","","Professional","True","","","['recMYu1ElFEL7z1Bn', 'recrOnBQecDz1EKSx', 'recbn9ar6vRqMjBje']","","","","","","","","","[""[Sunday 10 May (2009-05-10)](apdp.news.000346)"", ""[He's Going down with the Flagship (2009-05-10)](apdp.news.000345)"", ""[Sunday 17 May (2009-05-17)](apdp.news.000347)""]"
"recjOk47KsBK4PatV","apdp.event.000013","International PEN Conference (England |  | Cambridgeshire | Cambridge |  |  |)","International PEN Conference","1988-01-01","1988-01-01","At the four day International PEN Conference at Cambridge in England in 1988, the interdependence of academia and creative writing were discussed as the major theme. The conference drew about 150 members, including Geoffrey Haresnape, a South African poet and professor at the University of Cape Town. ","['recqSwoWwhp7legAU']","Professional","True","","['recwfoFrzPswsjMC8']","['recRMOzQRt9c8Iq2o']","","[""[Haresnape, Geoffrey](apdp.person.000489)""]","1980","England, Cambridge","[""United Kingdom""]","[""England""]","[""Cambridge""]","","[""[Stirring a sense of common purpose (1988-04-22)](apdp.news.000160)""]"
"recnuGckKJxewboNz","apdp.event.000014","Attempted Murder of Dennis Brutus (South Africa |  |  |  |  |  |)","Attempted Murder of Dennis Brutus","1963-01-01","1963-01-01","In 1963 in South Africa, the South African police were suggested to have fired two shots at poet and weightlifting champion in a suggested attempted murder for his work protesting the racial discrimination in South African sport. ","['recjv372HTUISbQla']","Political","True","","['recJS8H6ldyvxrumr']","['rechAyZV8EMzAVhAY']","","[""[Brutus, Dennis Vincent](apdp.person.000779)""]","1960","South Africa","[""Southern Africa""]","[""South Africa""]","","","[""[Sportsman and Poet (1963-09-19)](apdp.news.000065)""]"
"recVN66dL5hwx15ra","apdp.event.000015","Conference of African Linguists (Germany |  |  | Cologne |  |  |)","Conference of African Linguists","1982-10-01","1982-10-01","On October 1, 1982, the Conference of African Linguists commenced in Cologne, Germany.","['rec1J0zmL2Kmmzlad']","Professional","True","","['recgVGEAbgMUHgS6u']","['rec6Wab9gGmC9J6Le']","","[""[P'Bitek, Okot](apdp.person.001284)""]","1980","Germany, Cologne","[""Europe""]","[""Germany""]","[""Cologne""]","","[""[Specialist issues: Literature (1987-11-20)](apdp.news.000173)""]"
"recOLqkZCBlPlN0wA","apdp.event.000016","Booker McConnell Prize for fiction Award ()","Booker McConnell Prize for fiction Award","1983-01-01","1983-01-01","In 1983 in Cape Town, South Africa, the Booker McConnell prize for fiction was awarded to J. M. Coetzee for ""Life and Times of Michael K,"" published by Secker and Warburg.","","Professional","True","","['recIRFvSnw0jH0WYy']","['rece4wPL1o0GdYimA', 'recurMyVNtbjP1Y50', 'rec13QtGSC7t7acFT', 'recbrcaKAfchS1sgL', 'recXRaWnX8zKifOy7', 'rec2N3NF9PpfmwUfc', 'recYpqXUAK6KKP3EG']","","[""[Coetzee, John Maxwell ' -J. M. '](apdp.person.000744)""]","1980","","","","","","[""[South African wins Booker prize (1983-10-27)](apdp.news.000083)"", ""[Butler Didn't Do It (1987-11-01)](apdp.news.000314)"", ""[Focus on an Annual War of Words (1987-09-27)](apdp.news.000311)"", ""[The Booker Shortlist All Signed-Up (1987-10-04)](apdp.news.000312)"", ""[The magical historical shortlist (1983-08-25)](apdp.news.000491)"", ""[Novels of the year wait for judgment (1983-09-25)](apdp.news.000490)"", ""[Bestsellers (1983-11-06)](apdp.news.000495)""]"
"recVm0op4nOx6auTO","apdp.event.000017","""Drum,"" African Magazine Begins (South Africa |  |  | Johannesburg |  |  |)","""Drum,"" African Magazine Begins","1951-01-01","1951-01-01","""Drum,"" initially titled ""African Drum,"" was created by author Bob Crisp in 1951. ""Drum"" was a South African family magazine that targeted black readers and covered news and entertainment. ""Drum"" is most noted for its reporting in the 1950s and 60s on life in townships under apartheid. By 1965, ""Drum"" had faded in popularity, but was revived in 1968, and remains as the sixth largest magazine in South Africa.

https://en.wikipedia.org/wiki/Drum_(South_African_magazine)""","['receqvJHUxo7fwpt1']","Social","True","","['recZVxhcJTrcPWsjI', 'recrdsVlH93SsjCi0', 'recEMs15YrEWRj1BW']","['recdXpEXFduvequRB', 'rece4wPL1o0GdYimA', 'rec13QtGSC7t7acFT', 'recurMyVNtbjP1Y50', 'recbrcaKAfchS1sgL']","","[""[Ranaivo, Flavien](apdp.person.000909)"", ""[Rabearivelo, Jean-Joseph](apdp.person.000378)"", ""[Rabemananjara, Jacques](apdp.person.000652)""]","1950","South Africa, Johannesburg","[""Southern Africa""]","[""South Africa""]","[""Johannesburg""]","","[""[Sophiatown Style (1982-08-27)](apdp.news.000010)"", ""[South African wins Booker prize (1983-10-27)](apdp.news.000083)"", ""[Focus on an Annual War of Words (1987-09-27)](apdp.news.000311)"", ""[Butler Didn't Do It (1987-11-01)](apdp.news.000314)"", ""[The Booker Shortlist All Signed-Up (1987-10-04)](apdp.news.000312)""]"
"recaBcP1ZhGEokEUx","apdp.event.000018","Sharpeville Massacre (South Africa |  | Sharpeville | Vereeniging |  |  |)","Sharpeville Massacre","1960-03-21","1960-03-21","The Sharpeville massacre occurred on March 21, 1960, at the police station in the South African township of Sharpeville in Transvaal. After a day of demonstrations against ""pass laws,"" a crowd of about 7,000 protesters went to the police station. The South African Police opened fire on the crowd, killing 69 people and injuring 180 others

https://en.wikipedia.org/wiki/Sharpeville_massacre","['recdvQd9YnmWvCkwR']","Political","True","","['recZVxhcJTrcPWsjI']","['recdXpEXFduvequRB', 'rec8drZZzmWvUGG9F', 'rece4wPL1o0GdYimA', 'rec13QtGSC7t7acFT', 'recbrcaKAfchS1sgL', 'recurMyVNtbjP1Y50']","","[""[Ranaivo, Flavien](apdp.person.000909)""]","1960","South Africa, Vereeniging","[""Southern Africa""]","[""South Africa""]","[""Vereeniging""]","","[""[Sophiatown Style (1982-08-27)](apdp.news.000010)"", ""[South African poet faces the death penalty (1975-11-11)](apdp.news.000090)"", ""[South African wins Booker prize (1983-10-27)](apdp.news.000083)"", ""[Focus on an Annual War of Words (1987-09-27)](apdp.news.000311)"", ""[The Booker Shortlist All Signed-Up (1987-10-04)](apdp.news.000312)"", ""[Butler Didn't Do It (1987-11-01)](apdp.news.000314)""]"
"recbDMwG3tJv9uPBs","apdp.event.000019","Defiance Campaign  against Unjust Laws (South Africa |  |  | Bloemfontein |  |  |)","Defiance Campaign  against Unjust Laws","1952-12-01","1952-12-01","The Defiance Campaign against Unjust Laws was presented by the African National Congress (ANC) at a conference held in Bloemfontein, South Africa in December 1951. The Defiance Campaign was launched on the anniversary of the National Day of Protest, 26 June 1952. In major South African cities, people and organizations performed acts of defiance and civil disobedience.

https://en.wikipedia.org/wiki/Defiance_Campaign","['recRICgGfeUh7Nido']","Political","True","","['recZVxhcJTrcPWsjI']","['recdXpEXFduvequRB']","","[""[Ranaivo, Flavien](apdp.person.000909)""]","1950","South Africa, Bloemfontein","[""Southern Africa""]","[""South Africa""]","[""Bloemfontein""]","","[""[Sophiatown Style (1982-08-27)](apdp.news.000010)""]"
"recBADQJPmC8yo6NX","apdp.event.000020","Building of the memorial, Mashu Campbell Bantu Museum (South Africa |  |  | KwaZulu-Natal |  |  |)","Building of the memorial, Mashu Campbell Bantu Museum","1957-01-01","1957-01-01","In 1957, Sir Shane Leslie returned an ivory bracelet once worn by Shaka, the Zulu king, to the Zulu nation in Natal to be placed in a national museum in honor of Sir Marshall Campbell. Roy Campbell, the South African poet, is a member of the same family.","['recTF4mq7cznKe7gv']","Professional","True","","['recyJeoWitFNAMp2w']","['recwSepXaPgVgr16w']","","[""[Campbell, Roy](apdp.person.000514)""]","1950","South Africa, KwaZulu-Natal","[""Southern Africa""]","[""South Africa""]","[""KwaZulu-Natal""]","","[""[Shaka's Bracelet for Zulus: Gift to New Museum (1957-03-08)](apdp.news.000062)""]"
"rec2OE1UaeledZuCg","apdp.event.000021","Retirement of Léopold Sédar Senghor (Senegal |  |  | Dakar |  |  |)","Retirement of Léopold Sédar Senghor","1980-12-31","1980-12-31","President Leopold Sedar Senghor, 74, of Senegal stepped down on December 31, 1980, after 20 years in office. He was replaced by Mr. Abdou Diouf, who had been his Prime Minister for the past 10 years.","['rechmKfXaL4thyq7K']","Political","True","","['recak4e9sxTjxOjd6']","['recS4MEag8II07Byt']","","[""[Senghor, L\u00e9opold S\u00e9dar](apdp.person.001141)""]","1980","Senegal, Dakar","[""West Africa""]","[""Senegal""]","[""Dakar""]","","[""[Senghor of Senegal Steps Down (1980-12-31)](apdp.news.000091)""]"
"recp4dbxWrOOac7tV","apdp.event.000022","Election of Léopold Sédar Senghor, September 1960 (Senegal |  |  | Dakar |  |  |)","Election of Léopold Sédar Senghor, September 1960","1960-09-05","1960-09-05","Leopold Senghor, poet and statesman, was today elected unanimously as first President of the Senegalese Republic on September 5, 1960. ","['rechmKfXaL4thyq7K']","Political","True","","['recak4e9sxTjxOjd6']","['rec30pyLW1QPYtlED', 'recRMP89WEtrOriCp', 'recfcO19pjAEIbMOV']","","[""[Senghor, L\u00e9opold S\u00e9dar](apdp.person.001141)""]","1960","Senegal, Dakar","[""West Africa""]","[""Senegal""]","[""Dakar""]","","[""[Senegalese President (1960-09-06)](apdp.news.000095)"", ""[Poetic Licence for Democracy (1977-05-12)](apdp.news.000096)"", ""[Letter from... Touba (2001-08-31)](apdp.news.000098)""]"
"recno4gd0TN3WT6LJ","apdp.event.000023","University of Western Cape closed, student demonstrations (South Africa |  |  | Cape Town |  |  |)","University of Western Cape closed, student demonstrations","1973-06-11","1973-06-11","On June 21, 1973, Adam Small, one of South Africa's leading intellectuals, resigned his teaching post at the  University of the Western Cape in Cape Town, South Africa. The University had been closed since June 11 following student demonstrations against alleged restrictive rules and white domination in running the institution.","['recLM0HjQzxbPfQLn']","Political","True","","['recwVz0EvRwefFtZe']","['recsLSsvn73Wgb2lq', 'reczlcao9FNwaOcV3']","","[""[Small, Adam](apdp.person.000479)""]","1970","South Africa, Cape Town","[""Southern Africa""]","[""South Africa""]","[""Cape Town""]","","[""[S. A. Professor Resigns (1973-06-22)](apdp.news.000072)"", ""[Coloured academics refuse to take part in 'witch-hunt' (1973-06-18)](apdp.news.000073)""]"
"rec08sc49Zoy2kPvp","apdp.event.000024","South Africa expelled from Olympics Games (Netherlands |  |  | Amsterdam |  |  |)","South Africa expelled from Olympics Games","1970-05-15","1970-05-15","South Africa were expelled from the Olympic movement on May 15 1970 of the International Olympic Committee congress on grounds of discriminatory processes in athletics. The voting was 35 for withdrawing recognition to 28 against, with three abstentions. The president of SANROC, Dennis Brutus welcomed the decision. ","['recwLQVHrmgwR2qzM']","Political","True","","['recJS8H6ldyvxrumr']","['rec2HoJ3jKopzND6i']","","[""[Brutus, Dennis Vincent](apdp.person.000779)""]","1970","Netherlands, Amsterdam","[""Europe""]","[""Netherlands""]","[""Amsterdam""]","","[""[S Africa expelled from Olympics (1970-05-16)](apdp.news.000212)""]"
"recUO2tSQnSfoYIAl","apdp.event.000025","Commonwealth Arts Festival 1965 (England |  |  | London |  |  |)","Commonwealth Arts Festival 1965","1965-09-16","1965-10-02","Over three weeks in 1965, the UK hosted visual artists, musicians, dancers, poets, and writers in a festival to ""celebrate"" their national cultures. The nations invited to attend were those considered part of the greater British Commonwealth of colonial nations. Wole Soyinka's play ""The Road"" was considered a highlight of the festival.","['recSj8anC3xqmf72t']","Professional","True","","['recePxY600kj8FBDo']","['recCIyO4tpeMm3Zmy', 'recfWA08YfaW5eqH6', 'recYjXX889tiFUht9', 'recDQtaVNbcmZiY45', 'recWwW6MQP5iTop6t']","","[""[Soyinka, Wole](apdp.person.001220)""]","1960","England, London","[""United Kingdom""]","[""England""]","[""London""]","","[""[Rumbustious Start to Festival (1965-09-15)](apdp.news.000131)"", ""[Season of African Plays (1966-06-17)](apdp.news.000141)"", ""[Four cities jaunt (1965-09-12)](apdp.news.000481)"", ""[Theatres (1965-08-29)](apdp.news.000480)"", ""[Africa: mask & face (1965-09-19)](apdp.news.000482)""]"
"recD31IdZLry4KfEO","apdp.event.000026","10 Year Commemoration of Roy Campbell (Portugal |  |  | Lisbon |  |  |)","10 Year Commemoration of Roy Campbell","1967-04-24","1967-04-24","Monday, April 24, 1967 marked the ten year anniversary of the passing of poet Roy Campbell. Campbell passed away in a motor accident in Lisbon. At a ten year commemoration, Mr. Francois Viljoen, the South African Ambassador in Lisbon, laid a wreath on the grave of Roy Campbell.

https://en.wikipedia.org/wiki/Roy_Campbell_(poet)#Death""","['receVQi4TYgr7wFuk']","Personal","True","","['recyJeoWitFNAMp2w']","['reczcZgJ0RqMPjLOK']","","[""[Campbell, Roy](apdp.person.000514)""]","1960","Portugal, Lisbon","[""Europe""]","[""Portugal""]","[""Lisbon""]","","[""[Roy Campbell honoured (1967-04-25)](apdp.news.000061)""]"
"rech4KcqdToHl5Nqi","apdp.event.000027","Malagasy Army destroys dojo (Madagascar |  |  |  |  |  |)","Malagasy Army destroys dojo","1985-01-01","1985-01-01","In 1985 in Madagascar, there was a rumor that an armored division of the Malagasy Army had been called in to destroy the dojo of an intransigent karate sect which had been terrorizing peaceable tourists.","['recA4I7tZuNM414uF']","Political","True","","['recrdsVlH93SsjCi0']","['recyuuhspLurOkKHS']","","[""[Rabearivelo, Jean-Joseph](apdp.person.000378)""]","1980","Madagascar","[""East Africa""]","[""Madagascar""]","","","[""[Remainders (1985-08-23)](apdp.news.000170)""]"
"recLZi6xLLzCBLcoO","apdp.event.000028","Rabearivelo's suicide (Madagascar |  |  |  |  |  |)","Rabearivelo's suicide","1937-01-01","1937-01-01","In 1937, Jean-Joseph Rabearivelo, Malagasy and French poet, completed suicide. ","['recd1tUK032f9awjr']","Personal","True","","['recrdsVlH93SsjCi0']","['rec6XvHO178bcp1Yh']","","[""[Rabearivelo, Jean-Joseph](apdp.person.000378)""]","1930","Madagascar","[""East Africa""]","[""Madagascar""]","","","[""[Red island roads (1985-11-01)](apdp.news.000171)""]"
"recFE2D9lqYdBNJwW","apdp.event.000029","Whitbread Book Awards Announcement (England |  |  |  |  |  |)","Whitbread Book Awards Announcement","1999-01-01","1999-01-01","On the radio in England in 1999, Richard Coles talks to leading South African poet and journalist Antjie Krog; plus the announcement of the Whitbread Book Awards.","['recsHSg1B0Mkc3bhe']","Professional","True","","['rec2Yzcx8kklIjbf2']","['reccxRCzPDB7KsEw8']","","[""[Krog, Antjie](apdp.person.000980)""]","1990","England","[""United Kingdom""]","[""England""]","","","[""[Radio: Radio 3  (1999-01-24)](apdp.news.000029)""]"
"recd0JrCqOOKc1vUh","apdp.event.000030","Poetry International (England |  |  | London |  | Queen Elizabeth Hall |)","Poetry International","1973-06-25","1973-06-25","The sixth Poetry International occurred from June 25 to June 30 1973. It was divided between the Queen Elizabeth Hall and the Institute of Contemporary Arts. Poetry International at the time had presented more than 50 poets from 19 countries, and in 1973 year it had its first South African, Oswald Mtshali. ","['recs5ySdvkgO4Ce7F']","Professional","True","","['rec8RAmvlFLJR28di']","['recqM28kRPdymVcTg']","","[""[Mtshali, Oswald Mbuyiseni](apdp.person.001092)""]","1970","England, London, Queen Elizabeth Hall","[""United Kingdom""]","[""England""]","[""London""]","","[""[Poetry International (1973-05-29)](apdp.news.000162)""]"
"recLIC3zbnLG9FfL6","apdp.event.000031","60th Birthday of William Plomer, President of the Poetry Society (England |  |  | London |  |  |)","60th Birthday of William Plomer, President of the Poetry Society","1969-02-04","1969-02-04","On February 4, 1969, at a Poetry Gala in London, an evening of poetry recitals occurred in celebration of William Plomer's 60th birthday. He served as the President of the Poetry Society.","['recQv4awWXxtsWGB4']","Social","True","","['recQ4TUf5goeHxYMk']","['recHLQA9IZhLgE7pZ']","","[""[Plomer, William](apdp.person.000132)""]","1960","England, London","[""United Kingdom""]","[""England""]","[""London""]","","[""[Poetry Gala (1969-02-04)](apdp.news.000067)""]"
"reca7Lt0CYAhHS612","apdp.event.000032","Release of Breyten Breytenbach (South Africa |  |  | Johannesburg |  |  |)","Release of Breyten Breytenbach","1982-01-01","1982-01-01","In 1982, Breyten Breytenbach, South African Afrikaans poet, was released from prison after serving seven of the nine years to which he was sentenced in 1975 for promoting the aims of the banned African National Congress (ANC). ","['rec7vneM2hqL1SO2P']","Political","True","","['rechNpA4zoaK9Yc3C']","['recQQtqTHaI8qJ79Q', 'recvDYLXep6ckh0gd']","","[""[Breytenbach, Breyten](apdp.person.001295)""]","1980","South Africa, Johannesburg","[""Southern Africa""]","[""South Africa""]","[""Johannesburg""]","","[""[Poet fights apartheid with his pen (1982-12-07)](apdp.news.000088)"", ""[Afrikaans poet released (1982-12-06)](apdp.news.000089)""]"
"recxl6ej1FQPswMb3","apdp.event.000033","Secession of Biafra (Nigeria |  |  | Nsukka |  |  |)","Secession of Biafra","1967-05-01","1967-05-01","Biafra, officially the Republic of Biafra, was a state in West Africa that existed from May 1967 to January 1970. It was made up of the states in the Eastern Region of Nigeria. Biafra's declaration of independence from Nigeria resulted in civil war between Biafra and Nigeria.

https://en.wikipedia.org/wiki/Biafra","['rechHOtunSBeuN5TO']","Political","True","['recMaRWMizhNO5lZA']","['recePxY600kj8FBDo']","['recrFTpROKyQN2fOD', 'recFmb2fVTb5hiCPD', 'rech4fur2I3wz9F4B', 'reciqKYGfkeRLfmFr']","","[""[Soyinka, Wole](apdp.person.001220)""]","1960","Nigeria, Nsukka","[""West Africa""]","[""Nigeria""]","[""Nsukka""]","[""[Ama Ata Aidoo in The Times between 1967 and 1997 ](apdp.commentary.000008)""]","[""[Playwright's denial on Biafra (1967-11-09)](apdp.news.000130)"", ""[Biafra: The Darkness in Africa (1968-06-09)](apdp.news.000302)"", ""[Conversations in Biafra (1969-07-27)](apdp.news.000216)"", ""[Progress in Nigeria since civil war (1972-10-07)](apdp.news.000136)""]"
"rechmEL995rthHS6z","apdp.event.000034","Voluntary Exile of Wole Soyinka (England |  |  | Leeds |  |  |)","Voluntary Exile of Wole Soyinka","1971-04-01","1971-04-01","In April 1971, concerned about the political situation in Nigeria, Soyinka resigned from his duties at the University in Ibadan, and began years of voluntary exile. ","['recpOUHeJKRo5Ca7x']","Political","True","","['recePxY600kj8FBDo']","['recVDpQdbpQMUbUxC']","","[""[Soyinka, Wole](apdp.person.001220)""]","1970","England, Leeds","[""United Kingdom""]","[""England""]","[""Leeds""]","","[""[Playwright in Search of a Role (2003-06-10)](apdp.news.000110)""]"
"recFWoscJiIMqnNvN","apdp.event.000035","Léopold Sédar Senghor conferred honorary degree at Harvard University (United States | Massachusetts |  | Cambridge |  |  |)","Léopold Sédar Senghor conferred honorary degree at Harvard University","1971-06-19","1971-06-19","On June 19, 1971, two writers involved in politics received honorary degrees at Harvard University: Alan Paton, novelist and leader of the South African Liberal Party, and Leopold Sedar Senghor, poet and President of Senegal.","['rechPdUZTPqDZtnth']","Professional","True","","['recak4e9sxTjxOjd6']","['reczBgpcHhJqQONRd']","","[""[Senghor, L\u00e9opold S\u00e9dar](apdp.person.001141)""]","1970","United States, Cambridge","[""North America""]","[""United States""]","[""Cambridge""]","","[""[Picture Gallery (1971-06-19)](apdp.news.000103)""]"
"rec2YtjYl9jImicsT","apdp.event.000036","Royal Colonial Institute, Meeting (England |  |  | London |  |  |)","Royal Colonial Institute, Meeting","1918-01-23","1918-01-23","On January 23, 1918, a meeting of the Royal Colonial Institute occurred wherein Sir Herbert Warren read a paper on overseas poetry, including that of Cullen Gouldsbury and Rev. Arthur Shearley Cripps. ","['recQv4awWXxtsWGB4']","Social","True","","['rec5Tnx28yVpY41xq', 'recgxOO8pgaL7Auqo']","['recHhLGBHq0Rim1ML']","[""[Gouldsbury, Cullen]()""]","[""[Cripps, Arthur Shearly](apdp.person.001279)""]","1910","England, London","[""United Kingdom""]","[""England""]","[""London""]","","[""[Oversea Poetry (1918-01-24)](apdp.news.000163)""]"
"recRCTRVzshEhX9Tr","apdp.event.000037","Kofi Awoonor's imprisonment  ()","Kofi Awoonor's imprisonment ","1975-12-31","1975-12-31"," He was imprisoned for harboring a subversive on December 31, 1975, amid rumors of a possible coup.","","Political","True","","","['rec6JK81lLmLJHttL']","","","1970","","","","","","[""[Obituary (2013-09-29)](apdp.news.000361)""]"
"rec5Y1GJPZpzKjeSK","apdp.event.000038","Death of Charles Eglington (South Africa |  |  | Johannesburg |  |  |)","Death of Charles Eglington","1972-01-01","1972-01-01","Charles Eglington, the South African writer and poet was found hanged at his home in Johannesburg in 1972. He was 52. ","['rec7vneM2hqL1SO2P']","Personal","True","","['recuPqvJRNvAyaXHH']","['recVtTJx4Pbsd2Jdt']","","[""[Eglington, Charles](apdp.person.000421)""]","1970","South Africa, Johannesburg","[""Southern Africa""]","[""South Africa""]","[""Johannesburg""]","","[""[Obituary (1971-06-30)](apdp.news.000057)""]"
"recPcA0b3qATWrGry","apdp.event.000039","Imprisonment of Wole Soyinka (Nigeria |  |  | Enugu |  |  |)","Imprisonment of Wole Soyinka","1967-01-01","1967-01-01","Following the military coup of January 1966, playwright and poet Wole Soyinka secretly and unofficially met with the military governor of Biafra in August 1967. As a result, he was imprisoned for 22 months as the civil war ensued between the Federal Government of Nigeria and the Biafrans. In October 1969, when the civil war came to an end, amnesty was proclaimed, and Soyinka and other political prisoners were freed.","['rect71PfGeQ9b4xOT']","Political","True","","['recePxY600kj8FBDo']","['receqPsjJhgk4q5wr', 'recnN0SIjnbUkgHVf']","","[""[Soyinka, Wole](apdp.person.001220)""]","1960","Nigeria, Enugu","[""West Africa""]","[""Nigeria""]","[""Enugu""]","","[""[No lies, no half-truths: a writer's cup of bitterness runs over (1972-10-09)](apdp.news.000104)"", ""[Outspoken Man of Letters (1988-03-07)](apdp.news.000111)""]"
"recMgQGniYEYTIQAa","apdp.event.000040","Protests in Nigeria, 2010 (Nigeria |  |  |  |  |  |)","Protests in Nigeria, 2010","2010-01-13","2010-01-13","On January 13, 2010, Wole Soyinka joined a group of protesters in Nigeria in Abuja. ","['recsAkXqyvkCAqxUO']","Political","True","","['recePxY600kj8FBDo']","['recSgY2JiE7oQ8uVi']","","[""[Soyinka, Wole](apdp.person.001220)""]","2010","Nigeria","[""West Africa""]","[""Nigeria""]","","","[""[Nigeria protests grow as president clings to power (2010-01-13)](apdp.news.000113)""]"
"recqXWkhkpH69z8DK","apdp.event.000041","Withdrawal of US Ambassador in Tananarive (Madagascar |  |  | Tananarive |  |  |)","Withdrawal of US Ambassador in Tananarive","1971-06-28","1971-06-28","On June 28, 1971, The State Department of the United States announced that it was withdrawing its ambassador in Tananarive as a protest at accusations that the embassy had interfered in Malagasy internal affairs. Jacques Rabemananjara, the Malagasy Foreign Minister, said that his country still wanted good relations with the United States.","['recL4LdiiKCP9L0EW']","Political","True","","['recEMs15YrEWRj1BW']","['recpjZI1qGPpQ7Ahn']","","[""[Rabemananjara, Jacques](apdp.person.000652)""]","1970","Madagascar, Tananarive","[""East Africa""]","[""Madagascar""]","[""Tananarive""]","","[""[News in Brief: Tananarive still wants US Link (1971-06-28)](apdp.news.000186)""]"
"rec8b5z1Ifc1fCpJJ","apdp.event.000042","Wole Soyinka's passport impounded (Nigeria |  |  | Lagos |  |  |)","Wole Soyinka's passport impounded","1971-03-21","1971-03-21","The passport of Mr. Wole Soyinka, the Nigerian playwright, was impounded by security officials at Ikeja airport on March 21, 1971.  ","['recH75BroSwCsiO9B']","Political","True","","['recePxY600kj8FBDo']","['recJpVMlrHZQdqpHX']","","[""[Soyinka, Wole](apdp.person.001220)""]","1970","Nigeria, Lagos","[""West Africa""]","[""Nigeria""]","[""Lagos""]","","[""[News in Brief: Nigerian writer loses passport (1971-03-22)](apdp.news.000128)""]"
"recQhyh07x7Ioi0gU","apdp.event.000043","Release of Wole Soyinka (Nigeria |  |  | Lagos |  |  |)","Release of Wole Soyinka","1969-10-09","1969-10-09","On October 9, 1969, Wole Soyinka, the Nigerian playwright, was released from prison following his arrest and imprisonment for meeting with the military governor from the seceded Biafra in 1966. ","['recH75BroSwCsiO9B']","Political","True","","['recePxY600kj8FBDo']","['recKbfuaKez5eERqS']","","[""[Soyinka, Wole](apdp.person.001220)""]","1960","Nigeria, Lagos","[""West Africa""]","[""Nigeria""]","[""Lagos""]","","[""[News in Brief: Nigerian freed (1969-10-09)](apdp.news.000124)""]"
"recFLrKzBr8C3R8PF","apdp.event.000044","Arrest of Wole Soyinka in August 1967 (Nigeria |  |  | Ibadan |  |  |)","Arrest of Wole Soyinka in August 1967","1967-08-29","1967-08-29","In August of 1967, poet and playwright Wole Soyinka was imprisoned in Nigeria for signing a letter to a Nigerian newspaper proposing a truce to the conflict with the seceded territory of Biafra. ","['recftzIxC13u1wcuT']","Political","True","","['recePxY600kj8FBDo']","['recxhmwORTbSaOSOe', 'recPqKMv46Z4cfW1p', 'recZfyE4se5miUFdm', 'rec7OXiDwbLmlUNbf', 'rec9qRa4ECfqrmoov', 'reciJfY0X6W5ORVZ6', 'recNPuwmGlYGuRLJH']","","[""[Soyinka, Wole](apdp.person.001220)""]","1960","Nigeria, Ibadan","[""West Africa""]","[""Nigeria""]","[""Ibadan""]","","[""[News in Brief: Nigerian Author on Hunger Strike (1965-11-02)](apdp.news.000123)"", ""[Letter to the Editor: Wole Soyinka (1969-06-10)](apdp.news.000150)"", ""[The Times Diary: Speak up about Soyinka (1968-09-06)](apdp.news.000279)"", ""[Letters to the editor: Nigerian author (1967-08-29)](apdp.news.000138)"", ""[Soyinka says Nigerian gaol was 'no picnic' (1970-06-27)](apdp.news.000147)"", ""[Police hold playwright (1967-10-30)](apdp.news.000146)"", ""[Among the Magazines: Index (1980-06-06)](apdp.news.000158)""]"
"rech9DpK6uJEbZ7sQ","apdp.event.000045","Release of Wole Soyinka in October 1967 (Nigeria |  |  | Lagos |  |  |)","Release of Wole Soyinka in October 1967","1967-10-27","1967-10-27","In October of 1967, poet and playwright Wole Soyinka was released from his detainment for his involvement in promoting peace between the territory of Biafra and Nigeria. ","['recH75BroSwCsiO9B']","Political","True","","['recePxY600kj8FBDo']","['recxhmwORTbSaOSOe']","","[""[Soyinka, Wole](apdp.person.001220)""]","1960","Nigeria, Lagos","[""West Africa""]","[""Nigeria""]","[""Lagos""]","","[""[News in Brief: Nigerian Author on Hunger Strike (1965-11-02)](apdp.news.000123)""]"
"recV7BWQ6aliWnxLj","apdp.event.000046","Ken Saro-Wiwa's execution (Nigeria |  |  | Port Harcourt |  |  |)","Ken Saro-Wiwa's execution","1995-11-10","1995-11-10","On 21 May 1994, four Ogoni chiefs were murdered. Saro-Wiwa was arrested and accused of incitement to them. He denied the charges but was imprisoned for over a year before being found guilty and sentenced to death by a specially convened tribunal. On 10 November 1995, Saro-Wiwa and the rest of the Ogoni Nine were taken to a prison in Port Harcourt and executed by hanging.

https://en.wikipedia.org/wiki/Ken_Saro-Wiwa","['rec7DGOawHV20CQBB']","Political","True","","['recePxY600kj8FBDo']","['recDMDVutnWouXREE']","","[""[Soyinka, Wole](apdp.person.001220)""]","1990","Nigeria, Port Harcourt","[""West Africa""]","[""Nigeria""]","[""Port Harcourt""]","","[""[New writers emerge after the 'big sleep' (2008-06-24)](apdp.news.000236)""]"
"rech0eHKyND1bH52P","apdp.event.000047","The ""Big Sleep"": Nigerian Economic Recession (Nigeria |  |  |  |  |  |)","The ""Big Sleep"": Nigerian Economic Recession","1980-01-01","1980-01-01","The ""Big Sleep"" of literary works/publishing occurred during the Nigerian recession of the 1980s. Book sales fell, and foreign publishers reduced their investment in literature, and publishing ground to a halt.","['recwPqvDxXpk8wcIr']","Political","True","","","['recDMDVutnWouXREE']","","","1980","Nigeria","[""West Africa""]","[""Nigeria""]","","","[""[New writers emerge after the 'big sleep' (2008-06-24)](apdp.news.000236)""]"
"rech4d24ts5PcP2mP","apdp.event.000048","Mbari Club in Ibadan (Nigeria |  |  | Ibadan |  |  |)","Mbari Club in Ibadan","1960-01-01","1960-01-01","A club of intellectuals and artists in Nigeria; part of the ""Ibadan Renaissance."" ","['recNzKrK8sZIVIUBi']","Professional","True","","","['recDMDVutnWouXREE']","","","1960","Nigeria, Ibadan","[""West Africa""]","[""Nigeria""]","[""Ibadan""]","","[""[New writers emerge after the 'big sleep' (2008-06-24)](apdp.news.000236)""]"
"recc1GU0Dicj25GNV","apdp.event.000049","Performance of ""The Road"" by Wole Soyinka (England |  |  | London |  |  |)","Performance of ""The Road"" by Wole Soyinka","1965-09-13","1965-09-13","On September 13, 1965, the Negro Theatre Workshop presented a special charity preview of ""The Road"" by Wole Soyinka at Theatre Royal, Stratford East. ","['recQv4awWXxtsWGB4']","Professional","True","","['recePxY600kj8FBDo']","['recelFpyPHY168A9l', 'recpN6J2cku6VOCfX', 'recx4bj7iEzX6cTOK', 'recJ59qTKjZy6dEK8']","","[""[Soyinka, Wole](apdp.person.001220)""]","1960","England, London","[""United Kingdom""]","[""England""]","[""London""]","","[""[Negro Theatre Workshop (1965-09-03)](apdp.news.000109)"", ""[African dramatist's new play (1966-09-30)](apdp.news.000149)"", ""[Sheer ingenuity of Soyinka's plot (1966-12-13)](apdp.news.000137)"", ""[The Times Diary: A Ghanaian Playwright (1967-10-04)](apdp.news.000278)""]"
"recy83aQqYYf5KEIb","apdp.event.000050","Acquittal of Wole Soyinka (Nigeria |  |  | Lagos |  |  |)","Acquittal of Wole Soyinka","1965-12-21","1965-12-21","In Lagos, Nigeria, on December 21 1965, Wole Soyinka, who had been standing trial on a charge of robbery, was acquitted by Mr. Justice Kayode Eso, who suggested there was a material conflict in the evidence of the prosecution witnesses. Soyinka had claimed he was not in Ibadan at the time of the crime. ","['recH75BroSwCsiO9B']","Political","True","","['recePxY600kj8FBDo']","['recgNwSjesoAK3O0T']","","[""[Soyinka, Wole](apdp.person.001220)""]","1960","Nigeria, Lagos","[""West Africa""]","[""Nigeria""]","[""Lagos""]","","[""[Mr.  Wole Soyinka Acquitted (1965-12-21)](apdp.news.000139)""]"
"recM1dyqKWiqRYoN3","apdp.event.000051","Death of Okot p'Bitek  (Uganda |  |  | Kampala |  |  |)","Death of Okot p'Bitek ","1982-07-19","1982-07-19","Okot p'Bitek, a Ugandan poet, died on July 19, 1982 in Kampala, Uganda.","['rect9fiw6gelr1Rgi']","Personal","True","","['recgVGEAbgMUHgS6u', 'recQJTQzjeqoBWeWr', 'rectYof4MkqUHDRj5']","['rec89iSftdoO4EUsA']","","[""[P'Bitek, Okot](apdp.person.001284)"", ""[Chipasula, Frank Mkalawile](apdp.person.000117)"", ""[Mapanje, Jack](apdp.person.000409)""]","1980","Uganda, Kampala","[""East Africa""]","[""Uganda""]","[""Kampala""]","","[""[Mr Okot p'bitek: Poet and commentator on African culture (1982-07-23)](apdp.news.000195)""]"
"recNDozwIPSyebEwn","apdp.event.000052","Death of F. C. Slater (South Africa |  |  | Cape Town |  |  |)","Death of F. C. Slater","1958-01-01","1958-01-01","Francis Carey Slater, the South African poet, died in 1958 at the age of 84 in Cape Town, South Africa. ","['recLM0HjQzxbPfQLn']","Personal","True","","['rec98H10qfSCl6Say']","['rec7b1KZNnHUSjIfO']","","[""[Slater, Francis Carey 'F. C.'](apdp.person.001128)""]","1950","South Africa, Cape Town","[""Southern Africa""]","[""South Africa""]","[""Cape Town""]","","[""[Mr F. C. Slater (1958-09-04)](apdp.news.000054)""]"
"recKbp9zSIw8v9mkr","apdp.event.000053","Arrests under the Terrorism Act (South Africa |  |  | Cape Town |  |  |)","Arrests under the Terrorism Act","1975-09-16","1975-09-16","In Cape Town, South Africa, on September  16, 1975, four whites and an African were detained under the Terrorism Act by South African security police. These arrests were connected with the detention of Breyten Breytenbach, an Afrikaner poet, weeks prior.","['recLM0HjQzxbPfQLn']","Political","True","","['rechNpA4zoaK9Yc3C']","['recfYNQXA9r4yETCh']","","[""[Breytenbach, Breyten](apdp.person.001295)""]","1970","South Africa, Cape Town","[""Southern Africa""]","[""South Africa""]","[""Cape Town""]","","[""[More arrested in South Africa (1975-09-17)](apdp.news.000059)""]"
"rec5MIrsUPAxaf5Oi","apdp.event.000054","Léopold Sédar Senghor visits the Queen of England (England |  |  | London |  |  |)","Léopold Sédar Senghor visits the Queen of England","1961-10-28","1961-10-28","President Senghor of Senegal visited London to speak with the Queen of England in October of 1961.  ","['recQv4awWXxtsWGB4']","Political","True","","['recak4e9sxTjxOjd6']","['recOvxAUSMuWoJqZv']","","[""[Senghor, L\u00e9opold S\u00e9dar](apdp.person.001141)""]","1960","England, London","[""United Kingdom""]","[""England""]","[""London""]","","[""[London Diary (1961-10-29)](apdp.news.000101)""]"
"recq7l2HcIRiuWzP9","apdp.event.000055","Performance of ""The Lion and the Jewel"" by Wole Soyinka. (England |  |  | London |  |  |)","Performance of ""The Lion and the Jewel"" by Wole Soyinka.","1966-12-12","1966-12-12","On December 12, 1966, Wole Soyinka's play ""The Lion and the Jewel"" was performed at the Royal Court Theatre in London. The play's opening was delayed due to illness, with its original opening date December 8. ","['recQv4awWXxtsWGB4']","Professional","True","","['recePxY600kj8FBDo']","['rec3olkE4a02hoLMU', 'recfqsnmsJAB6TO0o', 'recx4bj7iEzX6cTOK', 'recpN6J2cku6VOCfX', 'recJ59qTKjZy6dEK8']","","[""[Soyinka, Wole](apdp.person.001220)""]","1960","England, London","[""United Kingdom""]","[""England""]","[""London""]","","[""[Lively Nottingham programme: Opening Postponed (1966-12-02)](apdp.news.000133)"", ""[Nigerian play for Court Theatre (1966-11-28)](apdp.news.000135)"", ""[Sheer ingenuity of Soyinka's plot (1966-12-13)](apdp.news.000137)"", ""[African dramatist's new play (1966-09-30)](apdp.news.000149)"", ""[The Times Diary: A Ghanaian Playwright (1967-10-04)](apdp.news.000278)""]"
"recjXL8MW3MWXFUZc","apdp.event.000056","Wole Soyinka appointed professor of comparative literature at the University of Ife (Nigeria |  |  | Lagos |  |  |)","Wole Soyinka appointed professor of comparative literature at the University of Ife","1976-01-01","1976-01-01","In 1976 after a period of exile in Ghana, Wole Soyinka, the Nigerian playwright and poet, returned to Nigeria and was appointed professor of comparative literature at the University of Ife.","['recH75BroSwCsiO9B']","Professional","True","","['recePxY600kj8FBDo']","['recpKHMQ51HzwFHXu']","","[""[Soyinka, Wole](apdp.person.001220)""]","1970","Nigeria, Lagos","[""West Africa""]","[""Nigeria""]","[""Lagos""]","","[""[Life University post for Wole Soyinka (1976-01-02)](apdp.news.000127)""]"
"recVW0TZAK8zp6wSQ","apdp.event.000057","Zimbabwe International Book Fair (Zimbabwe |  |  | Harare |  |  |)","Zimbabwe International Book Fair","2000-01-01","2000-01-01","Known as Africa's largest book event, the annual International Book Fair had a significant falling off rate in the year 2000 due to unrest and economic crisis in Zimbabwe.","['recd3l6Nv3c2aatvp']","Professional","True","","","['recPaa4axTiX46hib']","","","2000","Zimbabwe, Harare","[""Southern Africa""]","[""Zimbabwe""]","[""Harare""]","","[""[Letter from Harare (2000-11-03)](apdp.news.000294)""]"
"rec8DDTzckzOd9J5N","apdp.event.000058","Zimbabwe Economic Crisis (Zimbabwe |  |  | Harare |  |  |)","Zimbabwe Economic Crisis","2000-01-01","2000-01-01","Zimbabwe began experiencing a period of considerable political and economic upheaval in 1999. Opposition to President Mugabe and the ZANU-PF government grew considerably after the mid-1990s in part due to worsening economic and human rights conditions.","['recd3l6Nv3c2aatvp']","Political","True","","","['recPaa4axTiX46hib']","","","2000","Zimbabwe, Harare","[""Southern Africa""]","[""Zimbabwe""]","[""Harare""]","","[""[Letter from Harare (2000-11-03)](apdp.news.000294)""]"
"recnFOh6FaYnWYt9m","apdp.event.000059","World Festival of Negro Arts, 1974 (Nigeria |  |  | Lagos |  |  |)","World Festival of Negro Arts, 1974","1974-01-01","1974-01-01","In 1974, Nigeria hosted the second World Festival of Negro Arts.","['recH75BroSwCsiO9B']","Professional","True","","['recak4e9sxTjxOjd6']","['recNe4aJkcPS5ndG3']","","[""[Senghor, L\u00e9opold S\u00e9dar](apdp.person.001141)""]","1970","Nigeria, Lagos","[""West Africa""]","[""Nigeria""]","[""Lagos""]","","[""[Leading source for Negro art (1971-10-01)](apdp.news.000238)""]"
"recCrptVTuwhrcdZi","apdp.event.000060","Race discrimination on Panorama, BBC programme (England |  |  | London |  |  |)","Race discrimination on Panorama, BBC programme","1970-04-30","1970-04-30","The Prime Minister and six other men were named in a complaint laid at Bow Street police station on April 30, 1970, under the 1965 Race Relations Act. Mr. Peter Tombs, of Evans Road, Eynsham. Oxfordshire, a writer, said statements inciting unlawful race discrimination had been made on the B.B.C.'s Panorama programme by Mr. Wilson, Mr. John Arlott, Mr. Peter Hain, Mr. Jeffrey Crawford, the Bishop of Woolwich, the Right Rev. David Sheppard, Mr. Dennis Brutus and Mr John Darragh. [From Excerpt of text]","['recQv4awWXxtsWGB4']","Political","True","","['recJS8H6ldyvxrumr']","['rec0cORofADxfb8NA']","","[""[Brutus, Dennis Vincent](apdp.person.000779)""]","1970","England, London","[""United Kingdom""]","[""England""]","[""London""]","","[""[Kidnap plot warning to cricket club (1970-04-30)](apdp.news.000209)""]"
"recFOmqAqBfCC79uU","apdp.event.000061","Arrest of Breyten Breytenbach (South Africa |  |  | Johannesburg |  |  |)","Arrest of Breyten Breytenbach","1975-01-01","1975-01-01","In 1975 in Johannesburg, South Africa, Breyten Breytenbach, the jailed Afrikaans poet, had offered to infiltrate the South African Communist Party in exchange for his early release from prison. At that time, Breytenbach was already serving a nine-year prison sentence.","['rec7vneM2hqL1SO2P']","Political","True","","['rechNpA4zoaK9Yc3C']","['rec6uwx2aPvw30nUt', 'recikPsADAfsrITup']","","[""[Breytenbach, Breyten](apdp.person.001295)""]","1970","South Africa, Johannesburg","[""Southern Africa""]","[""South Africa""]","[""Johannesburg""]","","[""[Jailed writer offered to work for police (1977-07-13)](apdp.news.000081)"", ""[Power of the Pen in Exile: The Times Profile, Breyten Breytenbach (1984-04-26)](apdp.news.000082)""]"
"recmBz4CcKHFk1uh3","apdp.event.000062","Imprisonment of Breyten Breytenbach (South Africa |  |  | Johannesburg |  |  |)","Imprisonment of Breyten Breytenbach","1975-01-01","1975-01-01","On an illegal trip to South Africa in 1975, Afrikaans poet Breyten Breytenbach was arrested and sentenced to nine years' imprisonment for high treason. Released in 1982 as a result of international protests, he returned to Paris and obtained French citizenship.

https://en.wikipedia.org/wiki/Breyten_Breytenbach","['rec7vneM2hqL1SO2P']","Political","True","","['rechNpA4zoaK9Yc3C']","['recwiqwo99QiAFoTV', 'reci6EvYWwVvnrxHK', 'reci87uyaHTbhdqg6']","","[""[Breytenbach, Breyten](apdp.person.001295)""]","1970","South Africa, Johannesburg","[""Southern Africa""]","[""South Africa""]","[""Johannesburg""]","","[""[Jailed poet wins South African literary award (1977-03-03)](apdp.news.000085)"", ""[Poet tells court of 'walled pit' in prison (1977-07-07)](apdp.news.000087)"", ""[Nine years jail for Afrikaans poet (1975-11-27)](apdp.news.000086)""]"
"rect68mG866stfZSY","apdp.event.000063","In Conversation: Lunchtime Literary Event with Ama Ata Aidoo (England |  |  | London |  | Institute for Contemporary Arts |)","In Conversation: Lunchtime Literary Event with Ama Ata Aidoo","1991-04-10","1991-04-10","Ghanaian writer Ama Ata Aidoo joins Margaret Busby in a discussion about her latest novel, Changes: A love story at the ICA on April 10th, 1991. ","['recbGakNnlYXbnk46']","Professional","True","","","['recfhrmgt1qySnuuc']","","","1990","England, London, Institute for Contemporary Arts","[""United Kingdom""]","[""England""]","[""London""]","","[""[In Conversation (1991-03-29)](apdp.news.000263)""]"
"recQyxHKcBuTW5pjw","apdp.event.000064","Nigerian Election 2011 (Nigeria |  |  | Lagos |  |  |)","Nigerian Election 2011","2011-01-01","2011-01-01","Parliamentary elections were held in Nigeria on 9 April 2011. The incumbent People's Democratic Party was running against the Action Congress of Nigeria and the Congress for Progressive Change.

https://en.wikipedia.org/wiki/2011_Nigerian_parliamentary_election","['recH75BroSwCsiO9B']","Political","True","","['recePxY600kj8FBDo']","['reckPokxw0ObzxEpB']","","[""[Soyinka, Wole](apdp.person.001220)""]","2010","Nigeria, Lagos","[""West Africa""]","[""Nigeria""]","[""Lagos""]","","[""[How is it that things haven't fallen apart (2010-09-30)](apdp.news.000116)""]"
"recjQhxcrD8Oj3wkL","apdp.event.000065","Performance of ""The Trials of Brother Jero"" at the Hampstead Theatre Club (England |  |  | London |  |  |)","Performance of ""The Trials of Brother Jero"" at the Hampstead Theatre Club","1966-06-29","1966-06-29","On June 29, 1966, Wole Soyinka's play ""The Trials of Brother Jero"" was performed at the Hampstead Theatre Club in London by an African company from the Transcription Centre Theatre Workshop.","['recQv4awWXxtsWGB4']","Professional","True","","['recePxY600kj8FBDo']","['recClNAK6WrIV91Dd']","","[""[Soyinka, Wole](apdp.person.001220)""]","1960","England, London","[""United Kingdom""]","[""England""]","[""London""]","","[""[Harsh comedy on a Lagos beach (1966-06-29)](apdp.news.000120)""]"
"recsH41uokKhSzGUy","apdp.event.000066","Ghana cabinet reshuffle (Ghana |  |  | Accra |  |  |)","Ghana cabinet reshuffle","1983-01-01","1983-01-01","In 1983, two cabinet ministers were dismissed: both Johnny Hansen, Labour and Welfare, and Ama Ata Aidoo, Education. They were replaced by Ato Austin and U. C. Dadson.","['rec3Rbhb52dvcRlXB']","Political","True","","","['recuYhqW3YEPPjscq']","","","1980","Ghana, Accra","[""West Africa""]","[""Ghana""]","[""Accra""]","","[""[Ghana Sackings (1983-06-15)](apdp.news.000290)""]"
"rec1jRnIgPBBy57UO","apdp.event.000067","Conference of the English Academy of Southern Africa at Rhodes University (South Africa |  |  | Grahamstown |  |  |)","Conference of the English Academy of Southern Africa at Rhodes University","1969-01-01","1969-01-01","The Conference of The English Academy of Southern Africa was held at Rhodes University in Grahamstown in July 1969 and its theme was South African writing in English. ","['recaTjOIwVVeT3wgC']","Professional","True","","['recSR2YvfvgMIIpxA', 'rec8RAmvlFLJR28di', 'rec98H10qfSCl6Say', 'recuPqvJRNvAyaXHH', 'recm99UmRJ3DUCfl9', 'recmfxxcjwJjKNIoh', 'recnjis4vHRCf3s8c', 'recneMUvjVrQSbuEv', 'rect7duUVcyGen6MV', 'recwvJUNl2WoXIFlN', 'recDsJ9oJQDxxoWAw', 'recDWpP5WDVttv0VH', 'recEIdA75IGLQgY75', 'recGJxbg4qSSVnvpY', 'recIUsnaXMSOqMy2v', 'recIYFL9RLyOfiM5R', 'rec0HH1jNx1SEJngM', 'rec85BLC7GPgT038L', 'rec9KUNIYQ3YBJgCt', 'recdhKtdcsWB22du2']","['recSRvrI6ZSrn6KMg']","[""[Livingstone, Douglas]()""]","[""[Butler, Guy](apdp.person.000167)"", ""[Mtshali, Oswald Mbuyiseni](apdp.person.001092)"", ""[Slater, Francis Carey 'F. C.'](apdp.person.001128)"", ""[Eglington, Charles](apdp.person.000421)"", ""[Currey, Ralph Nixon 'R. N.'](apdp.person.000253)"", ""[Nortje, Arthur](apdp.person.000255)"", ""[Driver, Charles Jonathan 'Jonty'](apdp.person.000261)"", ""[Gwala, Pascal](apdp.person.000281)"", ""[Mann, Chris](apdp.person.000414)"", ""[Lewin, Hugh](apdp.person.000474)"", ""[Cope, Robert Knox 'Jack'](apdp.person.000632)"", ""[Clouts, Sydney](apdp.person.000640)"", ""[Sepamla, Sydney Sipho](apdp.person.000663)"", ""[Kunene, Mazisi](apdp.person.000699)"", ""[Adams, Perseus 'Peter Robert Charles'](apdp.person.000759)"", ""[Aylen, Leo](apdp.person.000763)"", ""[Prince, Frank Templeton 'F. T.'](apdp.person.001105)"", ""[Serote, Mongane Wally](apdp.person.001113)"", ""[Hamilton, William Robert 'W. R.'](apdp.person.001216)""]","1960","South Africa, Grahamstown","[""Southern Africa""]","[""South Africa""]","[""Grahamstown""]","","[""[From veld-lovers to freedom fighters (1980-11-21)](apdp.news.000016)""]"
"recXQsrUmcIh63nHZ","apdp.event.000068","Conference on the medieval Manding Empire of Mali (England |  |  | London |  |  |)","Conference on the medieval Manding Empire of Mali","1972-06-29","1972-06-29","The Conference on the Medieval Manding Empire of Mali occurred during June of 1972 in London. African scholars, including Leopold Senghor, poet and Senegal's President, were in assembly. ","['recQv4awWXxtsWGB4']","Professional","True","","['recak4e9sxTjxOjd6']","['recRTmi39uBOCIKaw']","","[""[Senghor, L\u00e9opold S\u00e9dar](apdp.person.001141)""]","1970","England, London","[""United Kingdom""]","[""England""]","[""London""]","","[""[Focus on a medieval African civilization (1972-06-29)](apdp.news.000064)""]"
"rec510GXLuJfxwZ45","apdp.event.000069","Death of Christopher Okigbo (Nigeria |  |  | Nsukka |  |  |)","Death of Christopher Okigbo","1967-09-18","1967-09-18","On September 18, 1967, Christopher Okigbo, Nigerian poet, was killed during a battle with the federal Nigerian army in the town of Nsukka. Okigbo was fighting on behalf of the seceded territory of Biafra in Nigeria. ","['rechHOtunSBeuN5TO']","Political","True","['recvRN09nVhf7XAut']","['recaCiJPKa01202RA']","['recXfs7Et79GHsFrM', 'rec7HBwRuyEoMgBK4', 'reciyJ0IBJEmtrvWI']","","[""[Okigbo, Christopher](apdp.person.001150)""]","1960","Nigeria, Nsukka","[""West Africa""]","[""Nigeria""]","[""Nsukka""]","[""[Christopher Okigbo in Three British Newspaper Reports Between 1966 and 1993](apdp.commentary.000007)""]","[""[Far Removed (2010-11-05)](apdp.news.000233)"", ""[African fiction: a sense of urgency (1976-12-12)](apdp.news.000260)"", ""[Heinemann Educational Ltd (1971-11-19)](apdp.news.000242)""]"
"rec94WvLrff2vaLYB","apdp.event.000070","International Conference on Human Rights (France |  |  | Paris |  |  |)","International Conference on Human Rights","1985-05-30","1985-05-30","A two-day international conference on human rights occurred in Paris, France on May 30, 1985. The conference included the South African poet Breyten Breytenbach. ","['recEBwaUVYfrrAk49']","Political","True","","['rechNpA4zoaK9Yc3C']","['recJZAZ4YHnBW4RJ4']","","[""[Breytenbach, Breyten](apdp.person.001295)""]","1980","France, Paris","[""Europe""]","[""France""]","[""Paris""]","","[""[Elysee hosts stars of human rights (1985-06-01)](apdp.news.000063)""]"
"recChAjgbcaFWRwwD","apdp.event.000071","Economic agreement with Malagasy Republic (Madagascar |  |  | Tananarive |  |  |)","Economic agreement with Malagasy Republic","1970-11-19","1970-11-19","A South African delegation arrived in Tananarive on November 11, 1970 to sign an economic agreement with the Malagasy Republic and for talks with Government leaders. Under the agreement South Africa will lend Madagascar the equivalent of 1,350,000--repayable over 25 years--to develop its tourist industry.","['recdXCBTSP20jRBl3']","Political","True","","['recEMs15YrEWRj1BW']","['recyEF9UCWqfZRhXF', 'recU4wK5R0WuRdUDo']","","[""[Rabemananjara, Jacques](apdp.person.000652)""]","1970","Madagascar, Tananarive","[""East Africa""]","[""Madagascar""]","[""Tananarive""]","","[""[Dr. Muller arrives in Madagascar to sign 1.3m loan pact (1970-11-20)](apdp.news.000184)"", ""[Dr. Muller signs Madagascar loan agreement (1970-11-21)](apdp.news.000185)""]"
"rechG0tOxURmQ6uHq","apdp.event.000072","ICA Special Poetry Reading (England |  |  | London |  | Nash House |)","ICA Special Poetry Reading","1970-07-29","1970-07-29","On July 1970, an ICA Special poetry reading was held featuring Janos Pilinszky, Ted Hughes, Carolyn Kizer, and Dennis Brutus at the Nash House.","['recmyrkj99cRZhbLa']","Professional","True","","['recJS8H6ldyvxrumr']","['recAdtdQVpH2mP38f', 'recG6fH66KUzMkfG1']","","[""[Brutus, Dennis Vincent](apdp.person.000779)""]","1970","England, London, Nash House","[""United Kingdom""]","[""England""]","[""London""]","","[""[Domestic Situations: Exhibitions and Lectures (1970-07-24)](apdp.news.000202)"", ""[Exhibitions and Lectures (1970-07-25)](apdp.news.000207)""]"
"recwQhtYvMnmA5Fwy","apdp.event.000073","BBC Arts and Africa Poetry Award (England |  |  | London |  |  |)","BBC Arts and Africa Poetry Award","1988-01-01","1988-01-01","In 1988 in London, Kojo Laing, African poet, received the BBC Arts and Africa Poetry Award for his collection ""Godhorse.""","['recQv4awWXxtsWGB4']","Professional","True","","['recUrQjrnpAWIRwa3']","['recuJJvoKVGCE9427']","","[""[Laing, Kojo](apdp.person.000803)""]","1980","England, London","[""United Kingdom""]","[""England""]","[""London""]","","[""[Different aesthetics (1990-05-18)](apdp.news.000019)""]"
"recEXq1UMGV0DVDuc","apdp.event.000074","Death of Sheik Benguedda El Hadj Belarbi (Algeria |  |  | Mazouna |  |  |)","Death of Sheik Benguedda El Hadj Belarbi","1932-01-12","1932-01-12","The muslim poet Sheik Benguedda El Hadj Belarbi died on January 12, 1932 in Mazouna, Algeria.","['recLQARLWivH78LSd']","Social","True","","['reckujNzMCR2pvlEG']","['recmCpWN8PNBIVzN1']","","[""[El Hadj Belarbi, Sheik Benguedda](apdp.person.000213)""]","1930","Algeria, Mazouna","[""North Africa""]","[""Algeria""]","[""Mazouna""]","","[""[Death Of A Moslem Poet: Last \""Minstrel\"" Of North Africa (1932-01-21)](apdp.news.000008)""]"
"reclTAPolxEDjiQFK","apdp.event.000075","Performance of ""Death and the King's Horseman"" at the National Theatre, March 2009 (England |  |  | London |  |  |)","Performance of ""Death and the King's Horseman"" at the National Theatre, March 2009","2009-03-28","2009-03-28","On March 28, 2009, Wole Soyinka's play ""Death and the King's Horseman"" was performed at the National Theatre in London. The 1975 drama tells the story of Elesin, the horseman of a local chief in Oyo, Nigeria, who, when his chief dies, is supposed to follow him into the afterlife.","['recQv4awWXxtsWGB4']","Professional","True","","['recePxY600kj8FBDo']","['recjOEp0c9K1N3jQa']","","[""[Soyinka, Wole](apdp.person.001220)""]","2000","England, London","[""United Kingdom""]","[""England""]","[""London""]","","[""[Death and the King's Horseman (2009-04-04)](apdp.news.000107)""]"
"recXBQ3Omn8UgBl1K","apdp.event.000076","Performance of ""Death and the King's Horseman"" at the National Theatre, April 2009 (England |  |  | London |  |  |)","Performance of ""Death and the King's Horseman"" at the National Theatre, April 2009","2009-04-04","2009-04-04","On April 4. 2009, Wole Soyinka's play ""Death and the King's Horseman"" was performed at the National Theatre in London. The 1975 drama tells the story of Elesin, the horseman of a local chief in Oyo, Nigeria, who, when his chief dies, is supposed to follow him into the afterlife.","['recQv4awWXxtsWGB4']","Professional","True","","['recePxY600kj8FBDo']","['recjOEp0c9K1N3jQa', 'rec4mVv0PrahBpFjk']","","[""[Soyinka, Wole](apdp.person.001220)""]","2000","England, London","[""United Kingdom""]","[""England""]","[""London""]","","[""[Death and the King's Horseman (2009-04-04)](apdp.news.000107)"", ""[How do you pull of something like this? Director Rufus Norris talks to Sarah Hemming about the challenge of staging a play by Wole Soyinka (2009-03-28)](apdp.news.000121)""]"
"recuxLLvc1IFYVuhC","apdp.event.000077","Boycott of Olympic Games, 1976, Canada (Canada |  |  | Montreal |  |  |)","Boycott of Olympic Games, 1976, Canada","1976-07-20","1976-07-20","In 1976 in Canada, Dennis Brutus, alongside SANROC, called for the boycott of the 1976 Summer Olympic Games in Montreal. Brutus and SANROC cite the racism inherent in South African policies for selecting only white athletes as the reason for requesting countries to boycott participation in the games.  ","['rec1rGITLcjCR1rno']","Political","True","['recPTpLkmfV5VOWqj']","['recJS8H6ldyvxrumr']","['reciSvWqypPA6Bocv', 'recmdbWJt2iachzH5']","","[""[Brutus, Dennis Vincent](apdp.person.000779)""]","1970","Canada, Montreal","[""North America""]","[""Canada""]","[""Montreal""]","[""[Dennis Brutus; Race, Sports, and Poetry](apdp.commentary.000010)""]","[""[Countries wait to see if they can compete (1976-07-20)](apdp.news.000211)"", ""[Competitors' dreams destroyed by their governments (1976-07-19)](apdp.news.000213)""]"
"recV6SIDInBzdR05U","apdp.event.000078","Boycott of Olympic Games, 1976, South Africa (South Africa |  |  |  |  |  |)","Boycott of Olympic Games, 1976, South Africa","1976-07-19","1976-07-19","In 1976 in Canada, Dennis Brutus, alongside SANROC, called for the boycott of the 1976 Summer Olympic Games in Montreal. Brutus and SANROC cite the racism inherent in South African policies for selecting only white athletes as the reason for requesting countries to boycott participation in the games.  ","['recjv372HTUISbQla']","Political","True","","['recJS8H6ldyvxrumr']","['reciSvWqypPA6Bocv']","","[""[Brutus, Dennis Vincent](apdp.person.000779)""]","1970","South Africa","[""Southern Africa""]","[""South Africa""]","","","[""[Countries wait to see if they can compete (1976-07-20)](apdp.news.000211)""]"
"recToIVP3T8vCnt9a","apdp.event.000079","Protest on behalf of Wole Soyinka's arrest (England |  |  | London |  |  |)","Protest on behalf of Wole Soyinka's arrest","1968-11-27","1968-11-27","On November 27, 1968, following Wole Soyinka's arrest in 1967, a group of demonstrators with ""Free Soyinka"" banners protested his imprisonment outside of the Mercury in London.","['recQv4awWXxtsWGB4']","Political","True","","['recePxY600kj8FBDo']","['rec6ydSZvPitS9Glb']","","[""[Soyinka, Wole](apdp.person.001220)""]","1960","England, London","[""United Kingdom""]","[""England""]","[""London""]","","[""[Clash of values (1968-11-27)](apdp.news.000140)""]"
"recpY6lKKZ7LvnKQG","apdp.event.000080","Protest Demonstration at Ibadan University (Nigeria |  |  | Ibadan |  |  |)","Protest Demonstration at Ibadan University","1965-10-18","1965-10-18","On October 18, 1965, a class occurred between police and undergraduates at Ibadan University in Nigeria. The protest demonstration at Ibadan University was in response to the the outcome of the regional elections. In Lagos market, women were dispersed by police with tear gas while on a protest march to the Prime Minister's residence. Police in Ibadan declared Mr. Wole Soyinka, a Nigerian playwright and poet, to be a wanted person. ","['recftzIxC13u1wcuT']","Political","True","","['recePxY600kj8FBDo']","['recNlqH0ddQXNC7tu']","","[""[Soyinka, Wole](apdp.person.001220)""]","1960","Nigeria, Ibadan","[""West Africa""]","[""Nigeria""]","[""Ibadan""]","","[""[Charges of Forming Illegal W. Nigeria Government: Police Seek Poet (1965-10-18)](apdp.news.000144)""]"
"recuDT8TthLMC5yNK","apdp.event.000081","Detention/Release of Jack Mapanje (Malawi |  |  |  |  |  |)","Detention/Release of Jack Mapanje","1990-01-01","1990-01-01","Jack Mapanje, Malawi's best-known poet, was released in May 1990 after three-and-a-half years' detention by the Malawi government without charge or trial.","['rec8j4AUzLbr8uKzo']","Political","True","","['recgVGEAbgMUHgS6u']","['rec4JQDpLkS3tjzAq']","","[""[P'Bitek, Okot](apdp.person.001284)""]","1990","Malawi","[""Southeast Africa""]","[""Malawi""]","","","[""[Change from below (1992-03-27)](apdp.news.000179)""]"
"recIanXci5RBWSCHf","apdp.event.000082","Boycott of British Commonwealth Games (SANROC) (Scotland |  |  | Edinburgh |  |  |)","Boycott of British Commonwealth Games (SANROC)","1970-04-24","1970-04-24","On April 24, 1970 in England, Dennis Brutus, along with SANROC, led a mass boycott of the British Commonwealth Games in Edinburgh for racism in the South African sport for refusing to allow nonwhite athletes.","['recRAQi3hQ9iZhPhs']","Political","True","","['recJS8H6ldyvxrumr']","['recmo9GOFKII5Lkf2']","","[""[Brutus, Dennis Vincent](apdp.person.000779)""]","1970","Scotland, Edinburgh","[""United Kingdom""]","[""Scotland""]","[""Edinburgh""]","","[""[Boycott threat to Games (1970-04-24)](apdp.news.000210)""]"
"rec60V0yE1PYKsTtM","apdp.event.000083","Commonwealth Education Conference (India |  |  | Delhi |  |  |)","Commonwealth Education Conference","1962-01-15","1962-01-15","The Commonwealth Education Conference, held in Delhi in January of 1962, was a meeting of educational ministers from colonial nations of the UK who were seeking additional education and training in order to increase the educational level of their nation. The Conference in 1962 specifically considered books and their publishing in the English language.","['recCtmQYWv03OEElB']","Professional","True","","['recaCiJPKa01202RA']","['recGew5wkuuKKHMjX']","","[""[Okigbo, Christopher](apdp.person.001150)""]","1960","India, Delhi","[""South Asia""]","[""India""]","[""Delhi""]","","[""[Books for a Commonwealth: Publishing locally or from London (1962-08-10)](apdp.news.000262)""]"
"recqpcuJBL9iIJ89u","apdp.event.000084","Execution of Benjamin Moloise (South Africa |  |  | Johannesburg |  |  |)","Execution of Benjamin Moloise","1983-01-01","1983-01-01","Benjamin Moloise, a black South African poet, was convicted to capital punishment by the apartheid regime of South Africa for allegedly murdering a policeman in 1982. The African National Congress claimed responsibility for the murder and repudiated the claim that Moloise was involved, but Moloise was hanged on 18 October 1985 at the Pretoria Central Prison despite worldwide pleas for clemency.

https://en.wikipedia.org/wiki/Benjamin_Moloise","['rec7vneM2hqL1SO2P']","Political","True","","['recUYZGLjW6Qnd5Ma']","['reckQJpQ8T4JS9AgW', 'recCnctV7OPs7F7cc', 'recDKatME6piWrTu0', 'rec0HoZqp8Nm7Lyt5', 'rec5wKNBZltwWXJ8B']","","[""[Moloise, Benjamin](apdp.person.000811)""]","1980","South Africa, Johannesburg","[""Southern Africa""]","[""South Africa""]","[""Johannesburg""]","","[""[Black poet reprieved (1985-08-21)](apdp.news.000076)"", ""[Black poet defiant in face of death (1985-10-18)](apdp.news.000079)"", ""[Violence Hits Central Johannesburg after Execution of Moloise (1985-10-19)](apdp.news.000080)"", ""[Black poet will hang on Friday after Botha rules out retrial (1985-10-16)](apdp.news.000078)"", ""[Pretoria judge delays hanging (1985-08-21)](apdp.news.000077)""]"
"recxPRD1R6qs8RGHz","apdp.event.000085","The Politics of Exile, Conference (England |  |  | London |  | Institute for Contemporary Arts. |)","The Politics of Exile, Conference","1987-04-25","1987-04-25","Beginning April 25, 1987 in London, The Politics of Exile Conference, organized by the Third World Foundation and South magazine at the Institute for Contemporary Arts, occurred. It featured writers and intellectuals who spoke about the Latin American, African, Middle-Eastern, South Asian, and African experiences of exile.","['recu4vf3QLnZhk7cD']","Political","True","","['recJS8H6ldyvxrumr']","['rec7pl2egsdtVl1U5']","","[""[Brutus, Dennis Vincent](apdp.person.000779)""]","1980","England, London, Institute for Contemporary Arts.","[""United Kingdom""]","[""England""]","[""London""]","","[""[Behind the lines (1987-05-15)](apdp.news.000157)""]"
"recSAyWCdGJYoAKa8","apdp.event.000086","Nobel Prize for Literature awarded to Wole Soyinka (Nigeria |  |  |  |  |  |)","Nobel Prize for Literature awarded to Wole Soyinka","1986-01-01","1986-01-01","The main literary award winners of 1986 were as follows: the Nobel Prize for Literature, Wole Soyinka of Nigeria; the Booker Prize, Kingsley Amis; the Prix Goncourt, Michel Host; the Ritz Paris Hemingway Award, Marguerite Duras.","['recsAkXqyvkCAqxUO']","Professional","True","","['recePxY600kj8FBDo']","['recZIyLQt8YT7CeDe', 'recbXzDdORaM63l9w']","","[""[Soyinka, Wole](apdp.person.001220)""]","1980","Nigeria","[""West Africa""]","[""Nigeria""]","","","[""[Awards and Prizes in 1986 (1986-12-27)](apdp.news.000117)"", ""[African Adventurer: The life of a Nigerian maverick makes for a challenging read (2006-05-06)](apdp.news.000118)""]"
"recolcvD5BPGSVNUY","apdp.event.000087","John Whiting Award to Wole Soyinka (England |  |  | London |  |  |)","John Whiting Award to Wole Soyinka","1967-01-01","1967-01-01","Lord Goodman, chairman of the Arts Council, presented the John Whiting Award in 1967 to playwright Wole Soyinka. This award was given to British or Commonwealth playwrights for a play or plays, either read in script form or seen in production during the year, which show a new and distinctive development in dramatic writing.","['recQv4awWXxtsWGB4']","Professional","True","","['recePxY600kj8FBDo']","['recyaH3Dhr1AYUB61']","","[""[Soyinka, Wole](apdp.person.001220)""]","1960","England, London","[""United Kingdom""]","[""England""]","[""London""]","","[""[Arts Council Awards for Two Playwrights (1967-06-30)](apdp.news.000114)""]"
"recLn3hGhYroZtIR2","apdp.event.000088","Dennis Brutus protests the Olympics (SANROC), February 1970, London (England |  |  | London |  |  |)","Dennis Brutus protests the Olympics (SANROC), February 1970, London","1970-02-06","1970-02-06","Dennis Brutus protests South Africa's involvement in sports internationally with SANROC. He works to bring attention to the state of South Africa under apartheid. ","['recQv4awWXxtsWGB4']","Political","True","['recPTpLkmfV5VOWqj']","['recJS8H6ldyvxrumr']","['rec1Cpy8L2AsOoA4G']","","[""[Brutus, Dennis Vincent](apdp.person.000779)""]","1970","England, London","[""United Kingdom""]","[""England""]","[""London""]","[""[Dennis Brutus; Race, Sports, and Poetry](apdp.commentary.000010)""]","[""[Apartheid and Sport: The Logic of Denis Howell's Approach (1969-10-21)](apdp.news.000197)""]"
"recNFJvHzUT2X7Fps","apdp.event.000089","Dennis Brutus protests the Olympics (SANROC), 1969, South Africa (South Africa |  |  |  |  |  |)","Dennis Brutus protests the Olympics (SANROC), 1969, South Africa","1969-10-21","1969-10-21","Critics of apartheid suggest that the South African cricket team should not be allowed to perform in the 1970 South African Tour of England (which was, indeed, canceled). In 1962, the ""South African non-racial Open Committee for Olympic Sports""--SANROC--was formed. Headed by Dennis Brutus, this group organized multiple boycotts and protests against South Africa's participation in international sport competitions.","['reclOpPGX481mIIQk']","Political","True","['recPTpLkmfV5VOWqj']","['recJS8H6ldyvxrumr']","['rec1Cpy8L2AsOoA4G']","","[""[Brutus, Dennis Vincent](apdp.person.000779)""]","1960","South Africa","[""Southern Africa""]","[""South Africa""]","","[""[Dennis Brutus; Race, Sports, and Poetry](apdp.commentary.000010)""]","[""[Apartheid and Sport: The Logic of Denis Howell's Approach (1969-10-21)](apdp.news.000197)""]"
"recRAsPow6HXtyf7e","apdp.event.000090","Dennis Brutus protests the Olympics (SANROC), May 1970, London (England |  |  | London |  |  |)","Dennis Brutus protests the Olympics (SANROC), May 1970, London","1970-05-13","1970-05-13","Dennis Brutus protests South Africa's involvement in sports internationally with SANROC. He works to bring attention to the state of South Africa under apartheid. ","['recQv4awWXxtsWGB4']","Political","True","['recPTpLkmfV5VOWqj']","['recJS8H6ldyvxrumr']","['rec1Cpy8L2AsOoA4G']","","[""[Brutus, Dennis Vincent](apdp.person.000779)""]","1970","England, London","[""United Kingdom""]","[""England""]","[""London""]","[""[Dennis Brutus; Race, Sports, and Poetry](apdp.commentary.000010)""]","[""[Apartheid and Sport: The Logic of Denis Howell's Approach (1969-10-21)](apdp.news.000197)""]"
"recEIo5zHZ2fSwyLC","apdp.event.000091","Dennis Brutus protests the Olympics (SANROC), 1977, London (England |  |  | London |  |  |)","Dennis Brutus protests the Olympics (SANROC), 1977, London","1977-06-11","1977-06-11","Dennis Brutus, on behalf of SANROC, flew into London in June of 1977 in order to protest Wimbledon, as he similarly organized the walkout at the Montreal Olympics in 1976.  Brutus flew into London with a threat that the Centre Court could be sabotaged if white South Africans are allowed to play. ","['recQv4awWXxtsWGB4']","Political","True","['recPTpLkmfV5VOWqj']","['recJS8H6ldyvxrumr']","['rec1Cpy8L2AsOoA4G', 'recKzuPBnVccSyNow', 'recmi2rgw7RmrYrGy', 'recsG0It3AOuQ4TLE', 'recF8xIKlvAaKrLze', 'rec46YSlMV5B5eRdI', 'recc0I3FURzMOTDuG']","","[""[Brutus, Dennis Vincent](apdp.person.000779)""]","1970","England, London","[""United Kingdom""]","[""England""]","[""London""]","[""[Dennis Brutus; Race, Sports, and Poetry](apdp.commentary.000010)""]","[""[Apartheid and Sport: The Logic of Denis Howell's Approach (1969-10-21)](apdp.news.000197)"", ""[These tarnished Olympics (1976-07-25)](apdp.news.000198)"", ""[19 nations join in Olympics protest (1976-07-20)](apdp.news.000208)"", ""[Inside track (1971-02-28)](apdp.news.000199)"", ""[Mr Hain aims for Springboks' Achilles heel (1969-11-09)](apdp.news.000200)"", ""[Monteal and Denver Chosen: North America scoops Olympics pool (1970-05-13)](apdp.news.000203)"", ""[Non-whites harbour deep suspicion (1970-02-06)](apdp.news.000204)""]"
"recGejDGPmaGY1yn2","apdp.event.000092","Dennis Brutus protests the Olympics (SANROC), 1969, London (England |  |  | London |  |  |)","Dennis Brutus protests the Olympics (SANROC), 1969, London","1969-11-09","1969-11-09","Dennis Brutus protests South Africa's involvement in sports internationally with SANROC. He works to bring attention to the state of South Africa under apartheid. ","['recQv4awWXxtsWGB4']","Political","True","","['recJS8H6ldyvxrumr']","['rec1Cpy8L2AsOoA4G']","","[""[Brutus, Dennis Vincent](apdp.person.000779)""]","1960","England, London","[""United Kingdom""]","[""England""]","[""London""]","","[""[Apartheid and Sport: The Logic of Denis Howell's Approach (1969-10-21)](apdp.news.000197)""]"
"rec4eegQy6FlZyAXn","apdp.event.000093","Dennis Brutus protests the Olympics (SANROC), 1976, Montreal (Canada |  |  | Montreal |  |  |)","Dennis Brutus protests the Olympics (SANROC), 1976, Montreal","1976-06-25","1976-06-25","Dennis Brutus organized a mass boycott/protest of South Africa's participation in the 1976 Montreal Olympics with SANROC, the South African Non-Racial Open Committee. ","['rec1rGITLcjCR1rno']","Political","True","['recPTpLkmfV5VOWqj']","['recJS8H6ldyvxrumr']","['rec1Cpy8L2AsOoA4G']","","[""[Brutus, Dennis Vincent](apdp.person.000779)""]","1970","Canada, Montreal","[""North America""]","[""Canada""]","[""Montreal""]","[""[Dennis Brutus; Race, Sports, and Poetry](apdp.commentary.000010)""]","[""[Apartheid and Sport: The Logic of Denis Howell's Approach (1969-10-21)](apdp.news.000197)""]"
"recipruVu0jxZuTmK","apdp.event.000094","Dennis Brutus protests the Olympics (SANROC), 1971, London (England |  |  | London |  |  |)","Dennis Brutus protests the Olympics (SANROC), 1971, London","1971-02-28","1971-02-28","A non-white sports committee was formed to work alongside the white South African Olympic and National Games Association towards South Africa's fight for re-entry to the Olympics. Dennis Brutus spoke out against this move, suggesting that it was a ""blow"" to black South Africans who want multi-racial sports. ","['recQv4awWXxtsWGB4']","Political","True","['recPTpLkmfV5VOWqj']","['recJS8H6ldyvxrumr']","['rec1Cpy8L2AsOoA4G']","","[""[Brutus, Dennis Vincent](apdp.person.000779)""]","1970","England, London","[""United Kingdom""]","[""England""]","[""London""]","[""[Dennis Brutus; Race, Sports, and Poetry](apdp.commentary.000010)""]","[""[Apartheid and Sport: The Logic of Denis Howell's Approach (1969-10-21)](apdp.news.000197)""]"
"recIXL4kzZS5LWfPH","apdp.event.000095","Performance of ""Anowa"" at the Gate Theatre (Ireland |  |  | Dublin |  |  |)","Performance of ""Anowa"" at the Gate Theatre","1991-04-09","1991-04-09","Ama Ata Aidoo's play ""Anowa"" is performed at the Gate Theatre as part of a season of women's theatre sponsored by NatWest. ","['recQDeUYxrwg3DSdk']","Professional","True","","","['recZCrSsDnIfCqytB']","","","1990","Ireland, Dublin","[""Europe""]","[""Ireland""]","[""Dublin""]","","[""[Anowa: The Gate Theatre (1991-04-09)](apdp.news.000268)""]"
"recLb4N3FlJZ1XWFr","apdp.event.000096","Arrest of Pitika Ntuli (Swaziland |  |  |  |  |  |)","Arrest of Pitika Ntuli","1978-04-07","1978-04-07","On April 7, 1978, Pitika Ntuli, a South African poet and sculptor living in exile in Swaziland, was arrested and detained by Swazi authorities under anti-terrorism law. He was not charged with any offense and was held for a year on death row as a political prisoner in a Swaziland jail. Once released, he fled to England, where he lived for 18 years.","['rec9l8HZZ8KssjuZl']","Political","True","","['reconT8g48tytiTrx']","['rec2OE97Li45zGnEL', 'recNPuwmGlYGuRLJH']","","[""[Ntuli, Pitika](apdp.person.000290)""]","1970","Swaziland","[""Southern Africa""]","[""Swaziland""]","","","[""[Among the Magazines (1980-06-06)](apdp.news.000002)"", ""[Among the Magazines: Index (1980-06-06)](apdp.news.000158)""]"
"recrbMPWsvE3BCx8o","apdp.event.000097","Performance of ""The Invention"" by Wole Soyinka (England |  |  | London |  |  |)","Performance of ""The Invention"" by Wole Soyinka","1959-11-01","1959-11-01","On November 1, 1959, Wole Soyinka's play ""The Invention"" was performed at the Royal Court in London. ","['recQv4awWXxtsWGB4']","Professional","True","","['recePxY600kj8FBDo']","['recpP23dfQJzZQDmc']","","[""[Soyinka, Wole](apdp.person.001220)""]","1950","England, London","[""United Kingdom""]","[""England""]","[""London""]","","[""[African Playwright and Poet (1959-11-02)](apdp.news.000142)""]"
"receewUNgUh2UPey1","apdp.event.000098","African Literature: What Shall We Read? (England |  |  | London |  | Commonwealth Institute |)","African Literature: What Shall We Read?","1991-04-12","1991-04-12","On Friday, April 12 to Saturday, April 13, 1991, a conference was held at the Commonwealth Institute in London to celebrate and discuss African Literature. The event included participants such as Ama Ata Aidoo, Cyprian Ekwensi, Chenjerai Hove, Aminata Sow-Fall.","['recTT9HSMMaZsxqTC']","Professional","True","","","['recFgOFOIwNZ6tBhK']","","","1990","England, London, Commonwealth Institute","[""United Kingdom""]","[""England""]","[""London""]","","[""[Africa Centre: African Literature, What Shall We Read? (1991-04-12)](apdp.news.000265)""]"
"recahTTqkeDRZm90U","apdp.event.000099","Christopher Okigbo Nigerian Arms Deal (Nigeria |  |  |  |  |  |)","Christopher Okigbo Nigerian Arms Deal","1966-10-30","1966-10-30","On October 30, 1966, Chritopher Okigbo, a poet from Eastern Nigeria, planned the deal with a French ex-policeman, Paul Favier to transport 1,007 sub-machine guns to defend the Ibo against the ravages of the Hausa tribesmen from Northern Nigeria. ","['recsAkXqyvkCAqxUO']","Political","True","","['recaCiJPKa01202RA']","['recwlXrwly4gPSNnN']","","[""[Okigbo, Christopher](apdp.person.001150)""]","1960","Nigeria","[""West Africa""]","[""Nigeria""]","","","[""[A poet in arms (guns, sub-machine 9mm, 1007) (1966-10-30)](apdp.news.000256)""]"
"rec5gKZMw7rQLBtIQ","apdp.event.000100","Arrest and Imprisonment of Dennis Brutus (South Africa |  |  | Johannesburg |  |  |)","Arrest and Imprisonment of Dennis Brutus","1964-01-09","1964-01-09","In Johannesburg, South Africa, on January 9, 1964, Dennis Brutus, president of SANROC, was sentenced to eighteen months of imprisonment on four charges of contravening a banning order and one of escaping from custody. ","['rec7vneM2hqL1SO2P']","Political","True","","['recJS8H6ldyvxrumr']","['reckclzrYaLzKvg35']","","[""[Brutus, Dennis Vincent](apdp.person.000779)""]","1960","South Africa, Johannesburg","[""Southern Africa""]","[""South Africa""]","[""Johannesburg""]","","[""[18-Month Sentence on Brutus (1964-01-10)](apdp.news.000205)""]"
"","apdp.event.000101","Death of Roy Campbell (Portugal |  |  | Lisbon |  | Setubal |)","Death of Roy Campbell","1957-04-23","1957-04-23","Roy Campbell, a South African poet, was killed in a car accident in near Setubal, Portugal on April 23, 1957. His wife was taken to the hospital but survived.","['reckmtC7Xh3RWs7UN']","Personal","True","","['recyJeoWitFNAMp2w']","","","[""[Campbell, Roy](apdp.person.000514)""]","1950","Portugal, Lisbon, Setubal","[""Europe""]","[""Portugal""]","[""Lisbon""]","",""
"","apdp.event.000102","Death of Léopold Sédar Senghor (France |  |  | Verson |  |  |)","Death of Léopold Sédar Senghor","2001-12-20","2001-12-20","Léopold Sédar Senghor, poet and Senegal's President for two decades, died on December 20, 2001.","['recanp5C7YdQzDAkP']","Personal","True","","['recak4e9sxTjxOjd6']","","","[""[Senghor, L\u00e9opold S\u00e9dar](apdp.person.001141)""]","2000","France, Verson","[""Europe""]","[""France""]","[""Verson""]","",""
"","apdp.event.000103","Veldsinger's Club (South Africa |  |  | Johannesburg |  |  |)","Veldsinger's Club","1910-01-01","1910-01-01","The Veldsinger's Club was a small company of South Africans living in Johannesburg who enjoyed poetry. They published a small collection of verses written by the members. Olive Schreiner writes the forward to this work. ","['recvYPeVpIqMXsM6a']","Social","True","","['recA0467IPumKTsUu', 'recNt7QxNcFvu8Zmh', 'recPPp1U78NwoKBnL', 'recSdUgAywVWYw1JE', 'reckBzczEyd5oYURz', 'recyYdJOayNFdDhoC', 'recCwFNqLX7r5i9aY', 'recJXo88bdzBfnRNr', 'rec2aX5i6C84JfdbO', 'recatDyMchzj72U9g']","","[""[Jacobs, David Morrison]()""]","[""[Allhusen, Beatrice](apdp.person.000574)"", ""[Nelson, Robert Alexander](apdp.person.000072)"", ""[Blane, William](apdp.person.000102)"", ""[Neale, H. Woodhouse 'Mome'](apdp.person.000179)"", ""[Skinner, Milton Cox](apdp.person.000214)"", ""[Davis, Philip Rufus](apdp.person.000527)"", ""[Evans, Hugh John](apdp.person.000614)"", ""[Walrond, Francis Ernley](apdp.person.000786)"", ""[Byron, Mary](apdp.person.000987)""]","1910","South Africa, Johannesburg","[""Southern Africa""]","[""South Africa""]","[""Johannesburg""]","",""
"","apdp.event.000104","World Festival of Negro Arts, 1966 (Nigeria |  |  | Lagos |  |  |)","World Festival of Negro Arts, 1966","1966-01-01","1966-01-01","In 1966, Nigeria hosted the first World Festival of Negro Arts.","['recH75BroSwCsiO9B']","Professional","True","","['recak4e9sxTjxOjd6']","","","[""[Senghor, L\u00e9opold S\u00e9dar](apdp.person.001141)""]","1960","Nigeria, Lagos","[""West Africa""]","[""Nigeria""]","[""Lagos""]","",""
"","apdp.event.000105","World War II ()","World War II","1933-01-30","1945-09-02","","","","True","","","['recny6gjlOllCju1O']","","","1940","","","","","","[""[My Oxford (1977-03-20)](apdp.news.000431)""]"
"","apdp.event.000106","Man Booker Prize ()","Man Booker Prize","2002-01-01","","Sponsored by the Man Group","","","True","","","['recR88JP1Jm9XzqHP']","","","","","","","","","[""[Triumph of a one-man truth commission (2003-10-03)](apdp.news.000486)""]"
"","apdp.event.000107","Booker Prize ()","Booker Prize","2019-01-01","","Man Group stopped sponsorship","","","True","","","['recaNRmElBLp0Wu11']","","","","","","","","","[""[On the Critical List Harvey Porlock on crack and political incorrectness (1993-12-05)](apdp.news.000736)""]"
"","apdp.event.000108","Nobel Prize for Literature ()","Nobel Prize for Literature","2003-01-01","","","","","True","","","['recR88JP1Jm9XzqHP']","","","","","","","","","[""[Triumph of a one-man truth commission (2003-10-03)](apdp.news.000486)""]"
